ISO-10303-21;
HEADER;
FILE_DESCRIPTION(('FreeCAD Model'),'2;1');
FILE_NAME('Open CASCADE Shape Model','2026-08-25T12:32:07',(''),(''),
  'Open CASCADE STEP processor 7.8','FreeCAD','Unknown');
FILE_SCHEMA(('AUTOMOTIVE_DESIGN { 1 0 10303 214 1 1 1 1 }'));
ENDSEC;
DATA;
#1 = APPLICATION_PROTOCOL_DEFINITION('international standard',
  'automotive_design',2000,#2);
#2 = APPLICATION_CONTEXT(
  'core data for automotive mechanical design processes');
#3 = SHAPE_DEFINITION_REPRESENTATION(#4,#10);
#4 = PRODUCT_DEFINITION_SHAPE('','',#5);
#5 = PRODUCT_DEFINITION('design','',#6,#9);
#6 = PRODUCT_DEFINITION_FORMATION('','',#7);
#7 = PRODUCT('Phoenix_Umbilical_Support','Phoenix_Umbilical_Support','',
  (#8));
#8 = PRODUCT_CONTEXT('',#2,'mechanical');
#9 = PRODUCT_DEFINITION_CONTEXT('part definition',#2,'design');
#10 = ADVANCED_BREP_SHAPE_REPRESENTATION('',(#11,#15),#4502);
#11 = AXIS2_PLACEMENT_3D('',#12,#13,#14);
#12 = CARTESIAN_POINT('',(0.,0.,0.));
#13 = DIRECTION('',(0.,0.,1.));
#14 = DIRECTION('',(1.,0.,-0.));
#15 = MANIFOLD_SOLID_BREP('',#16);
#16 = CLOSED_SHELL('',(#17,#199,#360,#648,#725,#774,#885,#962,#1033,
    #1290,#1339,#2194,#2352,#2404,#2431,#2458,#2505,#2559,#2613,#2712,
    #3075,#3129,#3338,#3393,#3421,#3448,#3474,#3821,#3905,#3933,#3961,
    #4125,#4179,#4233,#4287,#4315,#4343,#4371,#4399,#4459,#4465,#4472));
#17 = ADVANCED_FACE('',(#18),#32,.T.);
#18 = FACE_BOUND('',#19,.T.);
#19 = EDGE_LOOP('',(#20,#55,#84,#112,#140,#168));
#20 = ORIENTED_EDGE('',*,*,#21,.F.);
#21 = EDGE_CURVE('',#22,#24,#26,.T.);
#22 = VERTEX_POINT('',#23);
#23 = CARTESIAN_POINT('',(-12.5,-15.,-11.5));
#24 = VERTEX_POINT('',#25);
#25 = CARTESIAN_POINT('',(-12.5,-32.6,-11.5));
#26 = SURFACE_CURVE('',#27,(#31,#43),.PCURVE_S1.);
#27 = LINE('',#28,#29);
#28 = CARTESIAN_POINT('',(-12.5,-33.1,-11.5));
#29 = VECTOR('',#30,1.);
#30 = DIRECTION('',(1.507288760336E-31,-1.,2.262741699797E-16));
#31 = PCURVE('',#32,#37);
#32 = PLANE('',#33);
#33 = AXIS2_PLACEMENT_3D('',#34,#35,#36);
#34 = CARTESIAN_POINT('',(-12.5,-23.3,-19.));
#35 = DIRECTION('',(-1.,6.5E-16,9.436895709314E-16));
#36 = DIRECTION('',(-9.436895709314E-16,0.,-1.));
#37 = DEFINITIONAL_REPRESENTATION('',(#38),#42);
#38 = LINE('',#39,#40);
#39 = CARTESIAN_POINT('',(-7.5,9.8));
#40 = VECTOR('',#41,1.);
#41 = DIRECTION('',(-2.262741699797E-16,1.));
#42 = ( GEOMETRIC_REPRESENTATION_CONTEXT(2) 
PARAMETRIC_REPRESENTATION_CONTEXT() REPRESENTATION_CONTEXT('2D SPACE',''
  ) );
#43 = PCURVE('',#44,#49);
#44 = PLANE('',#45);
#45 = AXIS2_PLACEMENT_3D('',#46,#47,#48);
#46 = CARTESIAN_POINT('',(-2.749999999977,-23.3,-11.5));
#47 = DIRECTION('',(9.436895709314E-16,8.7E-16,1.));
#48 = DIRECTION('',(1.,4.930380657631E-32,-9.436895709314E-16));
#49 = DEFINITIONAL_REPRESENTATION('',(#50),#54);
#50 = LINE('',#51,#52);
#51 = CARTESIAN_POINT('',(-9.750000000023,-9.8));
#52 = VECTOR('',#53,1.);
#53 = DIRECTION('',(-1.121075049237E-31,-1.));
#54 = ( GEOMETRIC_REPRESENTATION_CONTEXT(2) 
PARAMETRIC_REPRESENTATION_CONTEXT() REPRESENTATION_CONTEXT('2D SPACE',''
  ) );
#55 = ORIENTED_EDGE('',*,*,#56,.F.);
#56 = EDGE_CURVE('',#57,#22,#59,.T.);
#57 = VERTEX_POINT('',#58);
#58 = CARTESIAN_POINT('',(-12.5,-12.,-8.5));
#59 = SURFACE_CURVE('',#60,(#65,#72),.PCURVE_S1.);
#60 = CIRCLE('',#61,3.);
#61 = AXIS2_PLACEMENT_3D('',#62,#63,#64);
#62 = CARTESIAN_POINT('',(-12.5,-15.,-8.5));
#63 = DIRECTION('',(-1.,-0.,8.881784197001E-16));
#64 = DIRECTION('',(-8.881784197001E-16,0.,-1.));
#65 = PCURVE('',#32,#66);
#66 = DEFINITIONAL_REPRESENTATION('',(#67),#71);
#67 = CIRCLE('',#68,3.);
#68 = AXIS2_PLACEMENT_2D('',#69,#70);
#69 = CARTESIAN_POINT('',(-10.5,-8.3));
#70 = DIRECTION('',(1.,-5.288623310398E-32));
#71 = ( GEOMETRIC_REPRESENTATION_CONTEXT(2) 
PARAMETRIC_REPRESENTATION_CONTEXT() REPRESENTATION_CONTEXT('2D SPACE',''
  ) );
#72 = PCURVE('',#73,#78);
#73 = CYLINDRICAL_SURFACE('',#74,3.);
#74 = AXIS2_PLACEMENT_3D('',#75,#76,#77);
#75 = CARTESIAN_POINT('',(7.000000000046,-15.,-8.5));
#76 = DIRECTION('',(-1.,0.,8.881784197001E-16));
#77 = DIRECTION('',(0.,1.,0.));
#78 = DEFINITIONAL_REPRESENTATION('',(#79),#83);
#79 = LINE('',#80,#81);
#80 = CARTESIAN_POINT('',(-4.712388980385,19.500000000046));
#81 = VECTOR('',#82,1.);
#82 = DIRECTION('',(1.,0.));
#83 = ( GEOMETRIC_REPRESENTATION_CONTEXT(2) 
PARAMETRIC_REPRESENTATION_CONTEXT() REPRESENTATION_CONTEXT('2D SPACE',''
  ) );
#84 = ORIENTED_EDGE('',*,*,#85,.T.);
#85 = EDGE_CURVE('',#57,#86,#88,.T.);
#86 = VERTEX_POINT('',#87);
#87 = CARTESIAN_POINT('',(-12.5,-12.,-26.5));
#88 = SURFACE_CURVE('',#89,(#93,#100),.PCURVE_S1.);
#89 = LINE('',#90,#91);
#90 = CARTESIAN_POINT('',(-12.5,-12.,-11.5));
#91 = VECTOR('',#92,1.);
#92 = DIRECTION('',(0.,0.,-1.));
#93 = PCURVE('',#32,#94);
#94 = DEFINITIONAL_REPRESENTATION('',(#95),#99);
#95 = LINE('',#96,#97);
#96 = CARTESIAN_POINT('',(-7.5,-11.3));
#97 = VECTOR('',#98,1.);
#98 = DIRECTION('',(1.,-6.302022059091E-31));
#99 = ( GEOMETRIC_REPRESENTATION_CONTEXT(2) 
PARAMETRIC_REPRESENTATION_CONTEXT() REPRESENTATION_CONTEXT('2D SPACE',''
  ) );
#100 = PCURVE('',#101,#106);
#101 = PLANE('',#102);
#102 = AXIS2_PLACEMENT_3D('',#103,#104,#105);
#103 = CARTESIAN_POINT('',(-0.805853847677,-12.,-14.42473369486));
#104 = DIRECTION('',(-0.,-1.,0.));
#105 = DIRECTION('',(0.,0.,-1.));
#106 = DEFINITIONAL_REPRESENTATION('',(#107),#111);
#107 = LINE('',#108,#109);
#108 = CARTESIAN_POINT('',(-2.924733694866,-11.69414615232));
#109 = VECTOR('',#110,1.);
#110 = DIRECTION('',(1.,0.));
#111 = ( GEOMETRIC_REPRESENTATION_CONTEXT(2) 
PARAMETRIC_REPRESENTATION_CONTEXT() REPRESENTATION_CONTEXT('2D SPACE',''
  ) );
#112 = ORIENTED_EDGE('',*,*,#113,.T.);
#113 = EDGE_CURVE('',#86,#114,#116,.T.);
#114 = VERTEX_POINT('',#115);
#115 = CARTESIAN_POINT('',(-12.5,-34.6,-26.5));
#116 = SURFACE_CURVE('',#117,(#121,#128),.PCURVE_S1.);
#117 = LINE('',#118,#119);
#118 = CARTESIAN_POINT('',(-12.5,-12.,-26.5));
#119 = VECTOR('',#120,1.);
#120 = DIRECTION('',(0.,-1.,0.));
#121 = PCURVE('',#32,#122);
#122 = DEFINITIONAL_REPRESENTATION('',(#123),#127);
#123 = LINE('',#124,#125);
#124 = CARTESIAN_POINT('',(7.5,-11.3));
#125 = VECTOR('',#126,1.);
#126 = DIRECTION('',(0.,1.));
#127 = ( GEOMETRIC_REPRESENTATION_CONTEXT(2) 
PARAMETRIC_REPRESENTATION_CONTEXT() REPRESENTATION_CONTEXT('2D SPACE',''
  ) );
#128 = PCURVE('',#129,#134);
#129 = PLANE('',#130);
#130 = AXIS2_PLACEMENT_3D('',#131,#132,#133);
#131 = CARTESIAN_POINT('',(11.97387010555,-19.35035003251,-26.5));
#132 = DIRECTION('',(-4.440892098501E-16,-4.613005680451E-16,-1.));
#133 = DIRECTION('',(-1.,0.,4.440892098501E-16));
#134 = DEFINITIONAL_REPRESENTATION('',(#135),#139);
#135 = LINE('',#136,#137);
#136 = CARTESIAN_POINT('',(24.47387010555,7.35035003251));
#137 = VECTOR('',#138,1.);
#138 = DIRECTION('',(0.,-1.));
#139 = ( GEOMETRIC_REPRESENTATION_CONTEXT(2) 
PARAMETRIC_REPRESENTATION_CONTEXT() REPRESENTATION_CONTEXT('2D SPACE',''
  ) );
#140 = ORIENTED_EDGE('',*,*,#141,.F.);
#141 = EDGE_CURVE('',#142,#114,#144,.T.);
#142 = VERTEX_POINT('',#143);
#143 = CARTESIAN_POINT('',(-12.5,-34.6,-13.5));
#144 = SURFACE_CURVE('',#145,(#149,#156),.PCURVE_S1.);
#145 = LINE('',#146,#147);
#146 = CARTESIAN_POINT('',(-12.5,-34.6,-11.5));
#147 = VECTOR('',#148,1.);
#148 = DIRECTION('',(-8.881784197001E-16,-0.,-1.));
#149 = PCURVE('',#32,#150);
#150 = DEFINITIONAL_REPRESENTATION('',(#151),#155);
#151 = LINE('',#152,#153);
#152 = CARTESIAN_POINT('',(-7.5,11.3));
#153 = VECTOR('',#154,1.);
#154 = DIRECTION('',(1.,-5.288623310398E-32));
#155 = ( GEOMETRIC_REPRESENTATION_CONTEXT(2) 
PARAMETRIC_REPRESENTATION_CONTEXT() REPRESENTATION_CONTEXT('2D SPACE',''
  ) );
#156 = PCURVE('',#157,#162);
#157 = PLANE('',#158);
#158 = AXIS2_PLACEMENT_3D('',#159,#160,#161);
#159 = CARTESIAN_POINT('',(13.543388579438,-34.6,2.903051092792));
#160 = DIRECTION('',(0.,1.,0.));
#161 = DIRECTION('',(0.,0.,1.));
#162 = DEFINITIONAL_REPRESENTATION('',(#163),#167);
#163 = LINE('',#164,#165);
#164 = CARTESIAN_POINT('',(-14.40305109279,-26.04338857943));
#165 = VECTOR('',#166,1.);
#166 = DIRECTION('',(-1.,-7.216449660064E-16));
#167 = ( GEOMETRIC_REPRESENTATION_CONTEXT(2) 
PARAMETRIC_REPRESENTATION_CONTEXT() REPRESENTATION_CONTEXT('2D SPACE',''
  ) );
#168 = ORIENTED_EDGE('',*,*,#169,.F.);
#169 = EDGE_CURVE('',#24,#142,#170,.T.);
#170 = SURFACE_CURVE('',#171,(#176,#187),.PCURVE_S1.);
#171 = CIRCLE('',#172,2.);
#172 = AXIS2_PLACEMENT_3D('',#173,#174,#175);
#173 = CARTESIAN_POINT('',(-12.5,-32.6,-13.5));
#174 = DIRECTION('',(1.,-1.6E-16,-1.609823385706E-15));
#175 = DIRECTION('',(-1.609823385706E-15,0.,-1.));
#176 = PCURVE('',#32,#177);
#177 = DEFINITIONAL_REPRESENTATION('',(#178),#186);
#178 = ( BOUNDED_CURVE() B_SPLINE_CURVE(2,(#179,#180,#181,#182,#183,#184
,#185),.UNSPECIFIED.,.T.,.F.) B_SPLINE_CURVE_WITH_KNOTS((1,2,2,2,2,1),(
    -2.094395102393,0.,2.094395102393,4.188790204786,6.28318530718,
8.377580409573),.UNSPECIFIED.) CURVE() GEOMETRIC_REPRESENTATION_ITEM() 
RATIONAL_B_SPLINE_CURVE((1.,0.5,1.,0.5,1.,0.5,1.)) REPRESENTATION_ITEM(
  '') );
#179 = CARTESIAN_POINT('',(-3.5,9.3));
#180 = CARTESIAN_POINT('',(-3.5,5.835898384862));
#181 = CARTESIAN_POINT('',(-6.5,7.567949192431));
#182 = CARTESIAN_POINT('',(-9.5,9.3));
#183 = CARTESIAN_POINT('',(-6.5,11.032050807569));
#184 = CARTESIAN_POINT('',(-3.5,12.764101615138));
#185 = CARTESIAN_POINT('',(-3.5,9.3));
#186 = ( GEOMETRIC_REPRESENTATION_CONTEXT(2) 
PARAMETRIC_REPRESENTATION_CONTEXT() REPRESENTATION_CONTEXT('2D SPACE',''
  ) );
#187 = PCURVE('',#188,#193);
#188 = CYLINDRICAL_SURFACE('',#189,2.);
#189 = AXIS2_PLACEMENT_3D('',#190,#191,#192);
#190 = CARTESIAN_POINT('',(7.000000000046,-32.6,-13.5));
#191 = DIRECTION('',(-1.,1.6E-16,1.609823385706E-15));
#192 = DIRECTION('',(1.609823385706E-15,8.7E-16,1.));
#193 = DEFINITIONAL_REPRESENTATION('',(#194),#198);
#194 = LINE('',#195,#196);
#195 = CARTESIAN_POINT('',(3.14159265359,19.500000000046));
#196 = VECTOR('',#197,1.);
#197 = DIRECTION('',(-1.,0.));
#198 = ( GEOMETRIC_REPRESENTATION_CONTEXT(2) 
PARAMETRIC_REPRESENTATION_CONTEXT() REPRESENTATION_CONTEXT('2D SPACE',''
  ) );
#199 = ADVANCED_FACE('',(#200),#157,.F.);
#200 = FACE_BOUND('',#201,.F.);
#201 = EDGE_LOOP('',(#202,#203,#226,#255,#283,#311,#339));
#202 = ORIENTED_EDGE('',*,*,#141,.F.);
#203 = ORIENTED_EDGE('',*,*,#204,.F.);
#204 = EDGE_CURVE('',#205,#142,#207,.T.);
#205 = VERTEX_POINT('',#206);
#206 = CARTESIAN_POINT('',(7.000000000046,-34.6,-13.5));
#207 = SURFACE_CURVE('',#208,(#212,#219),.PCURVE_S1.);
#208 = LINE('',#209,#210);
#209 = CARTESIAN_POINT('',(7.000000000046,-34.6,-13.5));
#210 = VECTOR('',#211,1.);
#211 = DIRECTION('',(-1.,1.6E-16,1.609823385706E-15));
#212 = PCURVE('',#157,#213);
#213 = DEFINITIONAL_REPRESENTATION('',(#214),#218);
#214 = LINE('',#215,#216);
#215 = CARTESIAN_POINT('',(-16.40305109279,-6.543388579391));
#216 = VECTOR('',#217,1.);
#217 = DIRECTION('',(1.554312234475E-15,-1.));
#218 = ( GEOMETRIC_REPRESENTATION_CONTEXT(2) 
PARAMETRIC_REPRESENTATION_CONTEXT() REPRESENTATION_CONTEXT('2D SPACE',''
  ) );
#219 = PCURVE('',#188,#220);
#220 = DEFINITIONAL_REPRESENTATION('',(#221),#225);
#221 = LINE('',#222,#223);
#222 = CARTESIAN_POINT('',(-1.570796326795,0.));
#223 = VECTOR('',#224,1.);
#224 = DIRECTION('',(-0.,1.));
#225 = ( GEOMETRIC_REPRESENTATION_CONTEXT(2) 
PARAMETRIC_REPRESENTATION_CONTEXT() REPRESENTATION_CONTEXT('2D SPACE',''
  ) );
#226 = ORIENTED_EDGE('',*,*,#227,.F.);
#227 = EDGE_CURVE('',#228,#205,#230,.T.);
#228 = VERTEX_POINT('',#229);
#229 = CARTESIAN_POINT('',(20.00000000005,-34.6,-0.500000000001));
#230 = SURFACE_CURVE('',#231,(#236,#243),.PCURVE_S1.);
#231 = CIRCLE('',#232,13.);
#232 = AXIS2_PLACEMENT_3D('',#233,#234,#235);
#233 = CARTESIAN_POINT('',(7.000000000046,-34.6,-0.5));
#234 = DIRECTION('',(0.,1.,0.));
#235 = DIRECTION('',(1.,0.,-1.292299600664E-13));
#236 = PCURVE('',#157,#237);
#237 = DEFINITIONAL_REPRESENTATION('',(#238),#242);
#238 = CIRCLE('',#239,13.);
#239 = AXIS2_PLACEMENT_2D('',#240,#241);
#240 = CARTESIAN_POINT('',(-3.403051092792,-6.543388579391));
#241 = DIRECTION('',(-1.292299600664E-13,1.));
#242 = ( GEOMETRIC_REPRESENTATION_CONTEXT(2) 
PARAMETRIC_REPRESENTATION_CONTEXT() REPRESENTATION_CONTEXT('2D SPACE',''
  ) );
#243 = PCURVE('',#244,#249);
#244 = TOROIDAL_SURFACE('',#245,13.,2.);
#245 = AXIS2_PLACEMENT_3D('',#246,#247,#248);
#246 = CARTESIAN_POINT('',(7.000000000046,-32.6,-0.5));
#247 = DIRECTION('',(0.,1.,0.));
#248 = DIRECTION('',(1.,0.,-1.292299600664E-13));
#249 = DEFINITIONAL_REPRESENTATION('',(#250),#254);
#250 = LINE('',#251,#252);
#251 = CARTESIAN_POINT('',(0.,4.712388980385));
#252 = VECTOR('',#253,1.);
#253 = DIRECTION('',(1.,0.));
#254 = ( GEOMETRIC_REPRESENTATION_CONTEXT(2) 
PARAMETRIC_REPRESENTATION_CONTEXT() REPRESENTATION_CONTEXT('2D SPACE',''
  ) );
#255 = ORIENTED_EDGE('',*,*,#256,.F.);
#256 = EDGE_CURVE('',#257,#228,#259,.T.);
#257 = VERTEX_POINT('',#258);
#258 = CARTESIAN_POINT('',(20.00000000005,-34.6,48.));
#259 = SURFACE_CURVE('',#260,(#264,#271),.PCURVE_S1.);
#260 = LINE('',#261,#262);
#261 = CARTESIAN_POINT('',(20.00000000005,-34.6,48.000000000001));
#262 = VECTOR('',#263,1.);
#263 = DIRECTION('',(-1.33226762955E-15,1.6E-16,-1.));
#264 = PCURVE('',#157,#265);
#265 = DEFINITIONAL_REPRESENTATION('',(#266),#270);
#266 = LINE('',#267,#268);
#267 = CARTESIAN_POINT('',(45.096948907208,6.456611420612));
#268 = VECTOR('',#269,1.);
#269 = DIRECTION('',(-1.,-1.276756478319E-15));
#270 = ( GEOMETRIC_REPRESENTATION_CONTEXT(2) 
PARAMETRIC_REPRESENTATION_CONTEXT() REPRESENTATION_CONTEXT('2D SPACE',''
  ) );
#271 = PCURVE('',#272,#277);
#272 = CYLINDRICAL_SURFACE('',#273,2.);
#273 = AXIS2_PLACEMENT_3D('',#274,#275,#276);
#274 = CARTESIAN_POINT('',(20.00000000005,-32.6,48.000000000001));
#275 = DIRECTION('',(-1.33226762955E-15,1.6E-16,-1.));
#276 = DIRECTION('',(-1.,-2.58111E-12,1.33226762955E-15));
#277 = DEFINITIONAL_REPRESENTATION('',(#278),#282);
#278 = LINE('',#279,#280);
#279 = CARTESIAN_POINT('',(-1.570796326792,0.));
#280 = VECTOR('',#281,1.);
#281 = DIRECTION('',(-0.,1.));
#282 = ( GEOMETRIC_REPRESENTATION_CONTEXT(2) 
PARAMETRIC_REPRESENTATION_CONTEXT() REPRESENTATION_CONTEXT('2D SPACE',''
  ) );
#283 = ORIENTED_EDGE('',*,*,#284,.F.);
#284 = EDGE_CURVE('',#285,#257,#287,.T.);
#285 = VERTEX_POINT('',#286);
#286 = CARTESIAN_POINT('',(23.45,-34.6,48.));
#287 = SURFACE_CURVE('',#288,(#292,#299),.PCURVE_S1.);
#288 = LINE('',#289,#290);
#289 = CARTESIAN_POINT('',(23.45,-34.6,48.));
#290 = VECTOR('',#291,1.);
#291 = DIRECTION('',(-1.,0.,7.771561172376E-16));
#292 = PCURVE('',#157,#293);
#293 = DEFINITIONAL_REPRESENTATION('',(#294),#298);
#294 = LINE('',#295,#296);
#295 = CARTESIAN_POINT('',(45.096948907208,9.906611420562));
#296 = VECTOR('',#297,1.);
#297 = DIRECTION('',(7.216449660064E-16,-1.));
#298 = ( GEOMETRIC_REPRESENTATION_CONTEXT(2) 
PARAMETRIC_REPRESENTATION_CONTEXT() REPRESENTATION_CONTEXT('2D SPACE',''
  ) );
#299 = PCURVE('',#300,#305);
#300 = PLANE('',#301);
#301 = AXIS2_PLACEMENT_3D('',#302,#303,#304);
#302 = CARTESIAN_POINT('',(25.776096138376,-17.51609613837,48.));
#303 = DIRECTION('',(1.33226762955E-15,0.,1.));
#304 = DIRECTION('',(1.,0.,-1.33226762955E-15));
#305 = DEFINITIONAL_REPRESENTATION('',(#306),#310);
#306 = LINE('',#307,#308);
#307 = CARTESIAN_POINT('',(-2.326096138376,-17.08390386162));
#308 = VECTOR('',#309,1.);
#309 = DIRECTION('',(-1.,0.));
#310 = ( GEOMETRIC_REPRESENTATION_CONTEXT(2) 
PARAMETRIC_REPRESENTATION_CONTEXT() REPRESENTATION_CONTEXT('2D SPACE',''
  ) );
#311 = ORIENTED_EDGE('',*,*,#312,.F.);
#312 = EDGE_CURVE('',#313,#285,#315,.T.);
#313 = VERTEX_POINT('',#314);
#314 = CARTESIAN_POINT('',(23.45,-34.6,-26.5));
#315 = SURFACE_CURVE('',#316,(#320,#327),.PCURVE_S1.);
#316 = LINE('',#317,#318);
#317 = CARTESIAN_POINT('',(23.45,-34.6,-26.5));
#318 = VECTOR('',#319,1.);
#319 = DIRECTION('',(1.110223024625E-15,0.,1.));
#320 = PCURVE('',#157,#321);
#321 = DEFINITIONAL_REPRESENTATION('',(#322),#326);
#322 = LINE('',#323,#324);
#323 = CARTESIAN_POINT('',(-29.40305109279,9.906611420562));
#324 = VECTOR('',#325,1.);
#325 = DIRECTION('',(1.,1.110223024625E-15));
#326 = ( GEOMETRIC_REPRESENTATION_CONTEXT(2) 
PARAMETRIC_REPRESENTATION_CONTEXT() REPRESENTATION_CONTEXT('2D SPACE',''
  ) );
#327 = PCURVE('',#328,#333);
#328 = PLANE('',#329);
#329 = AXIS2_PLACEMENT_3D('',#330,#331,#332);
#330 = CARTESIAN_POINT('',(23.45,-24.03053570929,10.040630978906));
#331 = DIRECTION('',(1.,5.1E-16,-9.436895709314E-16));
#332 = DIRECTION('',(9.436895709314E-16,0.,1.));
#333 = DEFINITIONAL_REPRESENTATION('',(#334),#338);
#334 = LINE('',#335,#336);
#335 = CARTESIAN_POINT('',(-36.5406309789,10.569464290701));
#336 = VECTOR('',#337,1.);
#337 = DIRECTION('',(1.,7.857407729459E-32));
#338 = ( GEOMETRIC_REPRESENTATION_CONTEXT(2) 
PARAMETRIC_REPRESENTATION_CONTEXT() REPRESENTATION_CONTEXT('2D SPACE',''
  ) );
#339 = ORIENTED_EDGE('',*,*,#340,.F.);
#340 = EDGE_CURVE('',#114,#313,#341,.T.);
#341 = SURFACE_CURVE('',#342,(#346,#353),.PCURVE_S1.);
#342 = LINE('',#343,#344);
#343 = CARTESIAN_POINT('',(-12.5,-34.6,-26.5));
#344 = VECTOR('',#345,1.);
#345 = DIRECTION('',(1.,0.,-9.436895709314E-16));
#346 = PCURVE('',#157,#347);
#347 = DEFINITIONAL_REPRESENTATION('',(#348),#352);
#348 = LINE('',#349,#350);
#349 = CARTESIAN_POINT('',(-29.40305109279,-26.04338857943));
#350 = VECTOR('',#351,1.);
#351 = DIRECTION('',(-9.436895709314E-16,1.));
#352 = ( GEOMETRIC_REPRESENTATION_CONTEXT(2) 
PARAMETRIC_REPRESENTATION_CONTEXT() REPRESENTATION_CONTEXT('2D SPACE',''
  ) );
#353 = PCURVE('',#129,#354);
#354 = DEFINITIONAL_REPRESENTATION('',(#355),#359);
#355 = LINE('',#356,#357);
#356 = CARTESIAN_POINT('',(24.47387010555,-15.24964996749));
#357 = VECTOR('',#358,1.);
#358 = DIRECTION('',(-1.,2.381093088236E-31));
#359 = ( GEOMETRIC_REPRESENTATION_CONTEXT(2) 
PARAMETRIC_REPRESENTATION_CONTEXT() REPRESENTATION_CONTEXT('2D SPACE',''
  ) );
#360 = ADVANCED_FACE('',(#361),#376,.T.);
#361 = FACE_BOUND('',#362,.T.);
#362 = EDGE_LOOP('',(#363,#403,#431,#464,#492,#515,#543,#566,#594,#622)
  );
#363 = ORIENTED_EDGE('',*,*,#364,.F.);
#364 = EDGE_CURVE('',#365,#367,#369,.T.);
#365 = VERTEX_POINT('',#366);
#366 = CARTESIAN_POINT('',(41.,10.,10.));
#367 = VERTEX_POINT('',#368);
#368 = CARTESIAN_POINT('',(41.,12.,8.));
#369 = SURFACE_CURVE('',#370,(#375,#391),.PCURVE_S1.);
#370 = CIRCLE('',#371,2.);
#371 = AXIS2_PLACEMENT_3D('',#372,#373,#374);
#372 = CARTESIAN_POINT('',(41.,10.,8.));
#373 = DIRECTION('',(-1.,-0.,8.881784197001E-16));
#374 = DIRECTION('',(-8.881784197001E-16,0.,-1.));
#375 = PCURVE('',#376,#381);
#376 = PLANE('',#377);
#377 = AXIS2_PLACEMENT_3D('',#378,#379,#380);
#378 = CARTESIAN_POINT('',(41.,-7.512328767123,7.60296803653));
#379 = DIRECTION('',(1.,0.,0.));
#380 = DIRECTION('',(0.,0.,1.));
#381 = DEFINITIONAL_REPRESENTATION('',(#382),#390);
#382 = ( BOUNDED_CURVE() B_SPLINE_CURVE(2,(#383,#384,#385,#386,#387,#388
,#389),.UNSPECIFIED.,.T.,.F.) B_SPLINE_CURVE_WITH_KNOTS((1,2,2,2,2,1),(
    -2.094395102393,0.,2.094395102393,4.188790204786,6.28318530718,
8.377580409573),.UNSPECIFIED.) CURVE() GEOMETRIC_REPRESENTATION_ITEM() 
RATIONAL_B_SPLINE_CURVE((1.,0.5,1.,0.5,1.,0.5,1.)) REPRESENTATION_ITEM(
  '') );
#383 = CARTESIAN_POINT('',(-1.60296803653,-17.51232876712));
#384 = CARTESIAN_POINT('',(-1.60296803653,-14.04822715198));
#385 = CARTESIAN_POINT('',(1.39703196347,-15.78027795955));
#386 = CARTESIAN_POINT('',(4.39703196347,-17.51232876712));
#387 = CARTESIAN_POINT('',(1.39703196347,-19.24437957469));
#388 = CARTESIAN_POINT('',(-1.60296803653,-20.97643038226));
#389 = CARTESIAN_POINT('',(-1.60296803653,-17.51232876712));
#390 = ( GEOMETRIC_REPRESENTATION_CONTEXT(2) 
PARAMETRIC_REPRESENTATION_CONTEXT() REPRESENTATION_CONTEXT('2D SPACE',''
  ) );
#391 = PCURVE('',#392,#397);
#392 = CYLINDRICAL_SURFACE('',#393,2.);
#393 = AXIS2_PLACEMENT_3D('',#394,#395,#396);
#394 = CARTESIAN_POINT('',(41.,10.,8.));
#395 = DIRECTION('',(-1.,0.,8.881784197001E-16));
#396 = DIRECTION('',(8.881784197001E-16,0.,1.));
#397 = DEFINITIONAL_REPRESENTATION('',(#398),#402);
#398 = LINE('',#399,#400);
#399 = CARTESIAN_POINT('',(-3.14159265359,-1.26E-15));
#400 = VECTOR('',#401,1.);
#401 = DIRECTION('',(1.,0.));
#402 = ( GEOMETRIC_REPRESENTATION_CONTEXT(2) 
PARAMETRIC_REPRESENTATION_CONTEXT() REPRESENTATION_CONTEXT('2D SPACE',''
  ) );
#403 = ORIENTED_EDGE('',*,*,#404,.F.);
#404 = EDGE_CURVE('',#405,#365,#407,.T.);
#405 = VERTEX_POINT('',#406);
#406 = CARTESIAN_POINT('',(41.,9.12,10.));
#407 = SURFACE_CURVE('',#408,(#412,#419),.PCURVE_S1.);
#408 = LINE('',#409,#410);
#409 = CARTESIAN_POINT('',(41.,-13.5,10.));
#410 = VECTOR('',#411,1.);
#411 = DIRECTION('',(0.,1.,0.));
#412 = PCURVE('',#376,#413);
#413 = DEFINITIONAL_REPRESENTATION('',(#414),#418);
#414 = LINE('',#415,#416);
#415 = CARTESIAN_POINT('',(2.39703196347,5.987671232877));
#416 = VECTOR('',#417,1.);
#417 = DIRECTION('',(0.,-1.));
#418 = ( GEOMETRIC_REPRESENTATION_CONTEXT(2) 
PARAMETRIC_REPRESENTATION_CONTEXT() REPRESENTATION_CONTEXT('2D SPACE',''
  ) );
#419 = PCURVE('',#420,#425);
#420 = PLANE('',#421);
#421 = AXIS2_PLACEMENT_3D('',#422,#423,#424);
#422 = CARTESIAN_POINT('',(3.544138473643,-4.29948859166,10.));
#423 = DIRECTION('',(0.,0.,1.));
#424 = DIRECTION('',(1.,0.,0.));
#425 = DEFINITIONAL_REPRESENTATION('',(#426),#430);
#426 = LINE('',#427,#428);
#427 = CARTESIAN_POINT('',(37.455861526357,-9.20051140834));
#428 = VECTOR('',#429,1.);
#429 = DIRECTION('',(0.,1.));
#430 = ( GEOMETRIC_REPRESENTATION_CONTEXT(2) 
PARAMETRIC_REPRESENTATION_CONTEXT() REPRESENTATION_CONTEXT('2D SPACE',''
  ) );
#431 = ORIENTED_EDGE('',*,*,#432,.T.);
#432 = EDGE_CURVE('',#405,#433,#435,.T.);
#433 = VERTEX_POINT('',#434);
#434 = CARTESIAN_POINT('',(41.,-7.88,27.));
#435 = SURFACE_CURVE('',#436,(#441,#452),.PCURVE_S1.);
#436 = CIRCLE('',#437,17.);
#437 = AXIS2_PLACEMENT_3D('',#438,#439,#440);
#438 = CARTESIAN_POINT('',(41.,9.12,27.));
#439 = DIRECTION('',(-1.,0.,8.881784197001E-16));
#440 = DIRECTION('',(8.881784197001E-16,0.,1.));
#441 = PCURVE('',#376,#442);
#442 = DEFINITIONAL_REPRESENTATION('',(#443),#451);
#443 = ( BOUNDED_CURVE() B_SPLINE_CURVE(2,(#444,#445,#446,#447,#448,#449
,#450),.UNSPECIFIED.,.T.,.F.) B_SPLINE_CURVE_WITH_KNOTS((1,2,2,2,2,1),(
    -2.094395102393,0.,2.094395102393,4.188790204786,6.28318530718,
8.377580409573),.UNSPECIFIED.) CURVE() GEOMETRIC_REPRESENTATION_ITEM() 
RATIONAL_B_SPLINE_CURVE((1.,0.5,1.,0.5,1.,0.5,1.)) REPRESENTATION_ITEM(
  '') );
#444 = CARTESIAN_POINT('',(36.39703196347,-16.63232876712));
#445 = CARTESIAN_POINT('',(36.39703196347,-46.07719249579));
#446 = CARTESIAN_POINT('',(10.89703196347,-31.35476063145));
#447 = CARTESIAN_POINT('',(-14.60296803653,-16.63232876712));
#448 = CARTESIAN_POINT('',(10.89703196347,-1.909896902788));
#449 = CARTESIAN_POINT('',(36.39703196347,12.812534961548));
#450 = CARTESIAN_POINT('',(36.39703196347,-16.63232876712));
#451 = ( GEOMETRIC_REPRESENTATION_CONTEXT(2) 
PARAMETRIC_REPRESENTATION_CONTEXT() REPRESENTATION_CONTEXT('2D SPACE',''
  ) );
#452 = PCURVE('',#453,#458);
#453 = CYLINDRICAL_SURFACE('',#454,17.);
#454 = AXIS2_PLACEMENT_3D('',#455,#456,#457);
#455 = CARTESIAN_POINT('',(18.,9.12,27.));
#456 = DIRECTION('',(1.,0.,-8.881784197001E-16));
#457 = DIRECTION('',(-8.881784197001E-16,0.,-1.));
#458 = DEFINITIONAL_REPRESENTATION('',(#459),#463);
#459 = LINE('',#460,#461);
#460 = CARTESIAN_POINT('',(3.14159265359,23.));
#461 = VECTOR('',#462,1.);
#462 = DIRECTION('',(-1.,0.));
#463 = ( GEOMETRIC_REPRESENTATION_CONTEXT(2) 
PARAMETRIC_REPRESENTATION_CONTEXT() REPRESENTATION_CONTEXT('2D SPACE',''
  ) );
#464 = ORIENTED_EDGE('',*,*,#465,.T.);
#465 = EDGE_CURVE('',#433,#466,#468,.T.);
#466 = VERTEX_POINT('',#467);
#467 = CARTESIAN_POINT('',(41.,-7.88,48.));
#468 = SURFACE_CURVE('',#469,(#473,#480),.PCURVE_S1.);
#469 = LINE('',#470,#471);
#470 = CARTESIAN_POINT('',(41.,-7.88,10.));
#471 = VECTOR('',#472,1.);
#472 = DIRECTION('',(0.,0.,1.));
#473 = PCURVE('',#376,#474);
#474 = DEFINITIONAL_REPRESENTATION('',(#475),#479);
#475 = LINE('',#476,#477);
#476 = CARTESIAN_POINT('',(2.39703196347,0.367671232877));
#477 = VECTOR('',#478,1.);
#478 = DIRECTION('',(1.,0.));
#479 = ( GEOMETRIC_REPRESENTATION_CONTEXT(2) 
PARAMETRIC_REPRESENTATION_CONTEXT() REPRESENTATION_CONTEXT('2D SPACE',''
  ) );
#480 = PCURVE('',#481,#486);
#481 = PLANE('',#482);
#482 = AXIS2_PLACEMENT_3D('',#483,#484,#485);
#483 = CARTESIAN_POINT('',(29.5,-7.88,33.33864523128));
#484 = DIRECTION('',(0.,1.,0.));
#485 = DIRECTION('',(0.,0.,1.));
#486 = DEFINITIONAL_REPRESENTATION('',(#487),#491);
#487 = LINE('',#488,#489);
#488 = CARTESIAN_POINT('',(-23.33864523128,11.5));
#489 = VECTOR('',#490,1.);
#490 = DIRECTION('',(1.,0.));
#491 = ( GEOMETRIC_REPRESENTATION_CONTEXT(2) 
PARAMETRIC_REPRESENTATION_CONTEXT() REPRESENTATION_CONTEXT('2D SPACE',''
  ) );
#492 = ORIENTED_EDGE('',*,*,#493,.F.);
#493 = EDGE_CURVE('',#494,#466,#496,.T.);
#494 = VERTEX_POINT('',#495);
#495 = CARTESIAN_POINT('',(41.,-13.5,48.));
#496 = SURFACE_CURVE('',#497,(#501,#508),.PCURVE_S1.);
#497 = LINE('',#498,#499);
#498 = CARTESIAN_POINT('',(41.,-33.,48.));
#499 = VECTOR('',#500,1.);
#500 = DIRECTION('',(0.,1.,0.));
#501 = PCURVE('',#376,#502);
#502 = DEFINITIONAL_REPRESENTATION('',(#503),#507);
#503 = LINE('',#504,#505);
#504 = CARTESIAN_POINT('',(40.39703196347,25.487671232877));
#505 = VECTOR('',#506,1.);
#506 = DIRECTION('',(0.,-1.));
#507 = ( GEOMETRIC_REPRESENTATION_CONTEXT(2) 
PARAMETRIC_REPRESENTATION_CONTEXT() REPRESENTATION_CONTEXT('2D SPACE',''
  ) );
#508 = PCURVE('',#300,#509);
#509 = DEFINITIONAL_REPRESENTATION('',(#510),#514);
#510 = LINE('',#511,#512);
#511 = CARTESIAN_POINT('',(15.223903861624,-15.48390386162));
#512 = VECTOR('',#513,1.);
#513 = DIRECTION('',(0.,1.));
#514 = ( GEOMETRIC_REPRESENTATION_CONTEXT(2) 
PARAMETRIC_REPRESENTATION_CONTEXT() REPRESENTATION_CONTEXT('2D SPACE',''
  ) );
#515 = ORIENTED_EDGE('',*,*,#516,.F.);
#516 = EDGE_CURVE('',#517,#494,#519,.T.);
#517 = VERTEX_POINT('',#518);
#518 = CARTESIAN_POINT('',(41.,-13.5,-26.5));
#519 = SURFACE_CURVE('',#520,(#524,#531),.PCURVE_S1.);
#520 = LINE('',#521,#522);
#521 = CARTESIAN_POINT('',(41.,-13.5,48.));
#522 = VECTOR('',#523,1.);
#523 = DIRECTION('',(0.,2.2E-16,1.));
#524 = PCURVE('',#376,#525);
#525 = DEFINITIONAL_REPRESENTATION('',(#526),#530);
#526 = LINE('',#527,#528);
#527 = CARTESIAN_POINT('',(40.39703196347,5.987671232877));
#528 = VECTOR('',#529,1.);
#529 = DIRECTION('',(1.,-2.2E-16));
#530 = ( GEOMETRIC_REPRESENTATION_CONTEXT(2) 
PARAMETRIC_REPRESENTATION_CONTEXT() REPRESENTATION_CONTEXT('2D SPACE',''
  ) );
#531 = PCURVE('',#532,#537);
#532 = PLANE('',#533);
#533 = AXIS2_PLACEMENT_3D('',#534,#535,#536);
#534 = CARTESIAN_POINT('',(31.428859857482,-13.5,16.85671600618));
#535 = DIRECTION('',(-0.,-1.,0.));
#536 = DIRECTION('',(0.,0.,-1.));
#537 = DEFINITIONAL_REPRESENTATION('',(#538),#542);
#538 = LINE('',#539,#540);
#539 = CARTESIAN_POINT('',(-31.14328399382,9.571140142518));
#540 = VECTOR('',#541,1.);
#541 = DIRECTION('',(-1.,0.));
#542 = ( GEOMETRIC_REPRESENTATION_CONTEXT(2) 
PARAMETRIC_REPRESENTATION_CONTEXT() REPRESENTATION_CONTEXT('2D SPACE',''
  ) );
#543 = ORIENTED_EDGE('',*,*,#544,.F.);
#544 = EDGE_CURVE('',#545,#517,#547,.T.);
#545 = VERTEX_POINT('',#546);
#546 = CARTESIAN_POINT('',(41.,-8.5,-26.5));
#547 = SURFACE_CURVE('',#548,(#552,#559),.PCURVE_S1.);
#548 = LINE('',#549,#550);
#549 = CARTESIAN_POINT('',(41.,-21.05276744186,-26.5));
#550 = VECTOR('',#551,1.);
#551 = DIRECTION('',(0.,-1.,0.));
#552 = PCURVE('',#376,#553);
#553 = DEFINITIONAL_REPRESENTATION('',(#554),#558);
#554 = LINE('',#555,#556);
#555 = CARTESIAN_POINT('',(-34.10296803653,13.540438674737));
#556 = VECTOR('',#557,1.);
#557 = DIRECTION('',(0.,1.));
#558 = ( GEOMETRIC_REPRESENTATION_CONTEXT(2) 
PARAMETRIC_REPRESENTATION_CONTEXT() REPRESENTATION_CONTEXT('2D SPACE',''
  ) );
#559 = PCURVE('',#129,#560);
#560 = DEFINITIONAL_REPRESENTATION('',(#561),#565);
#561 = LINE('',#562,#563);
#562 = CARTESIAN_POINT('',(-29.02612989445,-1.702417409351));
#563 = VECTOR('',#564,1.);
#564 = DIRECTION('',(0.,-1.));
#565 = ( GEOMETRIC_REPRESENTATION_CONTEXT(2) 
PARAMETRIC_REPRESENTATION_CONTEXT() REPRESENTATION_CONTEXT('2D SPACE',''
  ) );
#566 = ORIENTED_EDGE('',*,*,#567,.F.);
#567 = EDGE_CURVE('',#568,#545,#570,.T.);
#568 = VERTEX_POINT('',#569);
#569 = CARTESIAN_POINT('',(41.,-8.5,-3.37507799486E-14));
#570 = SURFACE_CURVE('',#571,(#575,#582),.PCURVE_S1.);
#571 = LINE('',#572,#573);
#572 = CARTESIAN_POINT('',(41.,-8.5,-1.95399252334E-14));
#573 = VECTOR('',#574,1.);
#574 = DIRECTION('',(0.,-0.,-1.));
#575 = PCURVE('',#376,#576);
#576 = DEFINITIONAL_REPRESENTATION('',(#577),#581);
#577 = LINE('',#578,#579);
#578 = CARTESIAN_POINT('',(-7.60296803653,0.987671232877));
#579 = VECTOR('',#580,1.);
#580 = DIRECTION('',(-1.,0.));
#581 = ( GEOMETRIC_REPRESENTATION_CONTEXT(2) 
PARAMETRIC_REPRESENTATION_CONTEXT() REPRESENTATION_CONTEXT('2D SPACE',''
  ) );
#582 = PCURVE('',#583,#588);
#583 = PLANE('',#584);
#584 = AXIS2_PLACEMENT_3D('',#585,#586,#587);
#585 = CARTESIAN_POINT('',(41.,-8.5,-1.95399252334E-14));
#586 = DIRECTION('',(0.,1.,0.));
#587 = DIRECTION('',(-1.,0.,0.));
#588 = DEFINITIONAL_REPRESENTATION('',(#589),#593);
#589 = LINE('',#590,#591);
#590 = CARTESIAN_POINT('',(0.,0.));
#591 = VECTOR('',#592,1.);
#592 = DIRECTION('',(0.,-1.));
#593 = ( GEOMETRIC_REPRESENTATION_CONTEXT(2) 
PARAMETRIC_REPRESENTATION_CONTEXT() REPRESENTATION_CONTEXT('2D SPACE',''
  ) );
#594 = ORIENTED_EDGE('',*,*,#595,.T.);
#595 = EDGE_CURVE('',#568,#596,#598,.T.);
#596 = VERTEX_POINT('',#597);
#597 = CARTESIAN_POINT('',(41.,12.,-3.37507799486E-14));
#598 = SURFACE_CURVE('',#599,(#603,#610),.PCURVE_S1.);
#599 = LINE('',#600,#601);
#600 = CARTESIAN_POINT('',(41.,-13.5,-1.95399252334E-14));
#601 = VECTOR('',#602,1.);
#602 = DIRECTION('',(0.,1.,0.));
#603 = PCURVE('',#376,#604);
#604 = DEFINITIONAL_REPRESENTATION('',(#605),#609);
#605 = LINE('',#606,#607);
#606 = CARTESIAN_POINT('',(-7.60296803653,5.987671232877));
#607 = VECTOR('',#608,1.);
#608 = DIRECTION('',(0.,-1.));
#609 = ( GEOMETRIC_REPRESENTATION_CONTEXT(2) 
PARAMETRIC_REPRESENTATION_CONTEXT() REPRESENTATION_CONTEXT('2D SPACE',''
  ) );
#610 = PCURVE('',#611,#616);
#611 = PLANE('',#612);
#612 = AXIS2_PLACEMENT_3D('',#613,#614,#615);
#613 = CARTESIAN_POINT('',(0.411627906977,-0.338372093023,
    -1.59872115546E-14));
#614 = DIRECTION('',(0.,0.,1.));
#615 = DIRECTION('',(1.,0.,0.));
#616 = DEFINITIONAL_REPRESENTATION('',(#617),#621);
#617 = LINE('',#618,#619);
#618 = CARTESIAN_POINT('',(40.588372093023,-13.16162790697));
#619 = VECTOR('',#620,1.);
#620 = DIRECTION('',(0.,1.));
#621 = ( GEOMETRIC_REPRESENTATION_CONTEXT(2) 
PARAMETRIC_REPRESENTATION_CONTEXT() REPRESENTATION_CONTEXT('2D SPACE',''
  ) );
#622 = ORIENTED_EDGE('',*,*,#623,.T.);
#623 = EDGE_CURVE('',#596,#367,#624,.T.);
#624 = SURFACE_CURVE('',#625,(#629,#636),.PCURVE_S1.);
#625 = LINE('',#626,#627);
#626 = CARTESIAN_POINT('',(41.,12.,-1.95399252334E-14));
#627 = VECTOR('',#628,1.);
#628 = DIRECTION('',(0.,0.,1.));
#629 = PCURVE('',#376,#630);
#630 = DEFINITIONAL_REPRESENTATION('',(#631),#635);
#631 = LINE('',#632,#633);
#632 = CARTESIAN_POINT('',(-7.60296803653,-19.51232876712));
#633 = VECTOR('',#634,1.);
#634 = DIRECTION('',(1.,0.));
#635 = ( GEOMETRIC_REPRESENTATION_CONTEXT(2) 
PARAMETRIC_REPRESENTATION_CONTEXT() REPRESENTATION_CONTEXT('2D SPACE',''
  ) );
#636 = PCURVE('',#637,#642);
#637 = PLANE('',#638);
#638 = AXIS2_PLACEMENT_3D('',#639,#640,#641);
#639 = CARTESIAN_POINT('',(41.,12.,-1.95399252334E-14));
#640 = DIRECTION('',(0.,-1.,0.));
#641 = DIRECTION('',(-1.,0.,0.));
#642 = DEFINITIONAL_REPRESENTATION('',(#643),#647);
#643 = LINE('',#644,#645);
#644 = CARTESIAN_POINT('',(0.,-0.));
#645 = VECTOR('',#646,1.);
#646 = DIRECTION('',(0.,-1.));
#647 = ( GEOMETRIC_REPRESENTATION_CONTEXT(2) 
PARAMETRIC_REPRESENTATION_CONTEXT() REPRESENTATION_CONTEXT('2D SPACE',''
  ) );
#648 = ADVANCED_FACE('',(#649),#392,.T.);
#649 = FACE_BOUND('',#650,.T.);
#650 = EDGE_LOOP('',(#651,#652,#675,#704));
#651 = ORIENTED_EDGE('',*,*,#364,.T.);
#652 = ORIENTED_EDGE('',*,*,#653,.T.);
#653 = EDGE_CURVE('',#367,#654,#656,.T.);
#654 = VERTEX_POINT('',#655);
#655 = CARTESIAN_POINT('',(-41.,12.,8.));
#656 = SURFACE_CURVE('',#657,(#661,#668),.PCURVE_S1.);
#657 = LINE('',#658,#659);
#658 = CARTESIAN_POINT('',(41.,12.,8.));
#659 = VECTOR('',#660,1.);
#660 = DIRECTION('',(-1.,0.,8.881784197001E-16));
#661 = PCURVE('',#392,#662);
#662 = DEFINITIONAL_REPRESENTATION('',(#663),#667);
#663 = LINE('',#664,#665);
#664 = CARTESIAN_POINT('',(1.570796326795,0.));
#665 = VECTOR('',#666,1.);
#666 = DIRECTION('',(0.,1.));
#667 = ( GEOMETRIC_REPRESENTATION_CONTEXT(2) 
PARAMETRIC_REPRESENTATION_CONTEXT() REPRESENTATION_CONTEXT('2D SPACE',''
  ) );
#668 = PCURVE('',#637,#669);
#669 = DEFINITIONAL_REPRESENTATION('',(#670),#674);
#670 = LINE('',#671,#672);
#671 = CARTESIAN_POINT('',(-7.460698725481E-14,-8.));
#672 = VECTOR('',#673,1.);
#673 = DIRECTION('',(1.,-7.216449660064E-16));
#674 = ( GEOMETRIC_REPRESENTATION_CONTEXT(2) 
PARAMETRIC_REPRESENTATION_CONTEXT() REPRESENTATION_CONTEXT('2D SPACE',''
  ) );
#675 = ORIENTED_EDGE('',*,*,#676,.F.);
#676 = EDGE_CURVE('',#677,#654,#679,.T.);
#677 = VERTEX_POINT('',#678);
#678 = CARTESIAN_POINT('',(-41.,10.,10.));
#679 = SURFACE_CURVE('',#680,(#685,#692),.PCURVE_S1.);
#680 = CIRCLE('',#681,2.);
#681 = AXIS2_PLACEMENT_3D('',#682,#683,#684);
#682 = CARTESIAN_POINT('',(-41.,10.,8.));
#683 = DIRECTION('',(-1.,-0.,8.881784197001E-16));
#684 = DIRECTION('',(-8.881784197001E-16,0.,-1.));
#685 = PCURVE('',#392,#686);
#686 = DEFINITIONAL_REPRESENTATION('',(#687),#691);
#687 = LINE('',#688,#689);
#688 = CARTESIAN_POINT('',(-3.14159265359,82.));
#689 = VECTOR('',#690,1.);
#690 = DIRECTION('',(1.,0.));
#691 = ( GEOMETRIC_REPRESENTATION_CONTEXT(2) 
PARAMETRIC_REPRESENTATION_CONTEXT() REPRESENTATION_CONTEXT('2D SPACE',''
  ) );
#692 = PCURVE('',#693,#698);
#693 = PLANE('',#694);
#694 = AXIS2_PLACEMENT_3D('',#695,#696,#697);
#695 = CARTESIAN_POINT('',(-41.,-5.125,-6.875));
#696 = DIRECTION('',(-1.,0.,0.));
#697 = DIRECTION('',(0.,0.,-1.));
#698 = DEFINITIONAL_REPRESENTATION('',(#699),#703);
#699 = CIRCLE('',#700,2.);
#700 = AXIS2_PLACEMENT_2D('',#701,#702);
#701 = CARTESIAN_POINT('',(-14.875,-15.125));
#702 = DIRECTION('',(1.,-0.));
#703 = ( GEOMETRIC_REPRESENTATION_CONTEXT(2) 
PARAMETRIC_REPRESENTATION_CONTEXT() REPRESENTATION_CONTEXT('2D SPACE',''
  ) );
#704 = ORIENTED_EDGE('',*,*,#705,.F.);
#705 = EDGE_CURVE('',#365,#677,#706,.T.);
#706 = SURFACE_CURVE('',#707,(#711,#718),.PCURVE_S1.);
#707 = LINE('',#708,#709);
#708 = CARTESIAN_POINT('',(41.,10.,10.));
#709 = VECTOR('',#710,1.);
#710 = DIRECTION('',(-1.,0.,8.881784197001E-16));
#711 = PCURVE('',#392,#712);
#712 = DEFINITIONAL_REPRESENTATION('',(#713),#717);
#713 = LINE('',#714,#715);
#714 = CARTESIAN_POINT('',(0.,0.));
#715 = VECTOR('',#716,1.);
#716 = DIRECTION('',(0.,1.));
#717 = ( GEOMETRIC_REPRESENTATION_CONTEXT(2) 
PARAMETRIC_REPRESENTATION_CONTEXT() REPRESENTATION_CONTEXT('2D SPACE',''
  ) );
#718 = PCURVE('',#420,#719);
#719 = DEFINITIONAL_REPRESENTATION('',(#720),#724);
#720 = LINE('',#721,#722);
#721 = CARTESIAN_POINT('',(37.455861526357,14.29948859166));
#722 = VECTOR('',#723,1.);
#723 = DIRECTION('',(-1.,0.));
#724 = ( GEOMETRIC_REPRESENTATION_CONTEXT(2) 
PARAMETRIC_REPRESENTATION_CONTEXT() REPRESENTATION_CONTEXT('2D SPACE',''
  ) );
#725 = ADVANCED_FACE('',(#726),#637,.F.);
#726 = FACE_BOUND('',#727,.F.);
#727 = EDGE_LOOP('',(#728,#729,#730,#753));
#728 = ORIENTED_EDGE('',*,*,#623,.T.);
#729 = ORIENTED_EDGE('',*,*,#653,.T.);
#730 = ORIENTED_EDGE('',*,*,#731,.F.);
#731 = EDGE_CURVE('',#732,#654,#734,.T.);
#732 = VERTEX_POINT('',#733);
#733 = CARTESIAN_POINT('',(-41.,12.,-3.19744231092E-14));
#734 = SURFACE_CURVE('',#735,(#739,#746),.PCURVE_S1.);
#735 = LINE('',#736,#737);
#736 = CARTESIAN_POINT('',(-41.,12.,-1.33226762955E-14));
#737 = VECTOR('',#738,1.);
#738 = DIRECTION('',(0.,0.,1.));
#739 = PCURVE('',#637,#740);
#740 = DEFINITIONAL_REPRESENTATION('',(#741),#745);
#741 = LINE('',#742,#743);
#742 = CARTESIAN_POINT('',(82.,0.));
#743 = VECTOR('',#744,1.);
#744 = DIRECTION('',(0.,-1.));
#745 = ( GEOMETRIC_REPRESENTATION_CONTEXT(2) 
PARAMETRIC_REPRESENTATION_CONTEXT() REPRESENTATION_CONTEXT('2D SPACE',''
  ) );
#746 = PCURVE('',#693,#747);
#747 = DEFINITIONAL_REPRESENTATION('',(#748),#752);
#748 = LINE('',#749,#750);
#749 = CARTESIAN_POINT('',(-6.875,-17.125));
#750 = VECTOR('',#751,1.);
#751 = DIRECTION('',(-1.,0.));
#752 = ( GEOMETRIC_REPRESENTATION_CONTEXT(2) 
PARAMETRIC_REPRESENTATION_CONTEXT() REPRESENTATION_CONTEXT('2D SPACE',''
  ) );
#753 = ORIENTED_EDGE('',*,*,#754,.F.);
#754 = EDGE_CURVE('',#596,#732,#755,.T.);
#755 = SURFACE_CURVE('',#756,(#760,#767),.PCURVE_S1.);
#756 = LINE('',#757,#758);
#757 = CARTESIAN_POINT('',(41.,12.,-1.95399252334E-14));
#758 = VECTOR('',#759,1.);
#759 = DIRECTION('',(-1.,0.,0.));
#760 = PCURVE('',#637,#761);
#761 = DEFINITIONAL_REPRESENTATION('',(#762),#766);
#762 = LINE('',#763,#764);
#763 = CARTESIAN_POINT('',(0.,-0.));
#764 = VECTOR('',#765,1.);
#765 = DIRECTION('',(1.,0.));
#766 = ( GEOMETRIC_REPRESENTATION_CONTEXT(2) 
PARAMETRIC_REPRESENTATION_CONTEXT() REPRESENTATION_CONTEXT('2D SPACE',''
  ) );
#767 = PCURVE('',#611,#768);
#768 = DEFINITIONAL_REPRESENTATION('',(#769),#773);
#769 = LINE('',#770,#771);
#770 = CARTESIAN_POINT('',(40.588372093023,12.338372093023));
#771 = VECTOR('',#772,1.);
#772 = DIRECTION('',(-1.,0.));
#773 = ( GEOMETRIC_REPRESENTATION_CONTEXT(2) 
PARAMETRIC_REPRESENTATION_CONTEXT() REPRESENTATION_CONTEXT('2D SPACE',''
  ) );
#774 = ADVANCED_FACE('',(#775,#823,#854),#611,.F.);
#775 = FACE_BOUND('',#776,.F.);
#776 = EDGE_LOOP('',(#777,#800,#821,#822));
#777 = ORIENTED_EDGE('',*,*,#778,.T.);
#778 = EDGE_CURVE('',#732,#779,#781,.T.);
#779 = VERTEX_POINT('',#780);
#780 = CARTESIAN_POINT('',(-41.,-8.5,-3.19744231092E-14));
#781 = SURFACE_CURVE('',#782,(#786,#793),.PCURVE_S1.);
#782 = LINE('',#783,#784);
#783 = CARTESIAN_POINT('',(-41.,12.,-1.33226762955E-14));
#784 = VECTOR('',#785,1.);
#785 = DIRECTION('',(0.,-1.,0.));
#786 = PCURVE('',#611,#787);
#787 = DEFINITIONAL_REPRESENTATION('',(#788),#792);
#788 = LINE('',#789,#790);
#789 = CARTESIAN_POINT('',(-41.41162790697,12.338372093023));
#790 = VECTOR('',#791,1.);
#791 = DIRECTION('',(0.,-1.));
#792 = ( GEOMETRIC_REPRESENTATION_CONTEXT(2) 
PARAMETRIC_REPRESENTATION_CONTEXT() REPRESENTATION_CONTEXT('2D SPACE',''
  ) );
#793 = PCURVE('',#693,#794);
#794 = DEFINITIONAL_REPRESENTATION('',(#795),#799);
#795 = LINE('',#796,#797);
#796 = CARTESIAN_POINT('',(-6.875,-17.125));
#797 = VECTOR('',#798,1.);
#798 = DIRECTION('',(-0.,1.));
#799 = ( GEOMETRIC_REPRESENTATION_CONTEXT(2) 
PARAMETRIC_REPRESENTATION_CONTEXT() REPRESENTATION_CONTEXT('2D SPACE',''
  ) );
#800 = ORIENTED_EDGE('',*,*,#801,.F.);
#801 = EDGE_CURVE('',#568,#779,#802,.T.);
#802 = SURFACE_CURVE('',#803,(#807,#814),.PCURVE_S1.);
#803 = LINE('',#804,#805);
#804 = CARTESIAN_POINT('',(41.,-8.5,-1.95399252334E-14));
#805 = VECTOR('',#806,1.);
#806 = DIRECTION('',(-1.,0.,0.));
#807 = PCURVE('',#611,#808);
#808 = DEFINITIONAL_REPRESENTATION('',(#809),#813);
#809 = LINE('',#810,#811);
#810 = CARTESIAN_POINT('',(40.588372093023,-8.161627906977));
#811 = VECTOR('',#812,1.);
#812 = DIRECTION('',(-1.,0.));
#813 = ( GEOMETRIC_REPRESENTATION_CONTEXT(2) 
PARAMETRIC_REPRESENTATION_CONTEXT() REPRESENTATION_CONTEXT('2D SPACE',''
  ) );
#814 = PCURVE('',#583,#815);
#815 = DEFINITIONAL_REPRESENTATION('',(#816),#820);
#816 = LINE('',#817,#818);
#817 = CARTESIAN_POINT('',(0.,0.));
#818 = VECTOR('',#819,1.);
#819 = DIRECTION('',(1.,0.));
#820 = ( GEOMETRIC_REPRESENTATION_CONTEXT(2) 
PARAMETRIC_REPRESENTATION_CONTEXT() REPRESENTATION_CONTEXT('2D SPACE',''
  ) );
#821 = ORIENTED_EDGE('',*,*,#595,.T.);
#822 = ORIENTED_EDGE('',*,*,#754,.T.);
#823 = FACE_BOUND('',#824,.F.);
#824 = EDGE_LOOP('',(#825));
#825 = ORIENTED_EDGE('',*,*,#826,.F.);
#826 = EDGE_CURVE('',#827,#827,#829,.T.);
#827 = VERTEX_POINT('',#828);
#828 = CARTESIAN_POINT('',(-18.75,2.,4.440892098501E-15));
#829 = SURFACE_CURVE('',#830,(#835,#842),.PCURVE_S1.);
#830 = CIRCLE('',#831,2.25);
#831 = AXIS2_PLACEMENT_3D('',#832,#833,#834);
#832 = CARTESIAN_POINT('',(-21.,2.,-1.15463194561E-14));
#833 = DIRECTION('',(0.,0.,1.));
#834 = DIRECTION('',(1.,0.,0.));
#835 = PCURVE('',#611,#836);
#836 = DEFINITIONAL_REPRESENTATION('',(#837),#841);
#837 = CIRCLE('',#838,2.25);
#838 = AXIS2_PLACEMENT_2D('',#839,#840);
#839 = CARTESIAN_POINT('',(-21.41162790697,2.338372093023));
#840 = DIRECTION('',(1.,0.));
#841 = ( GEOMETRIC_REPRESENTATION_CONTEXT(2) 
PARAMETRIC_REPRESENTATION_CONTEXT() REPRESENTATION_CONTEXT('2D SPACE',''
  ) );
#842 = PCURVE('',#843,#848);
#843 = CYLINDRICAL_SURFACE('',#844,2.25);
#844 = AXIS2_PLACEMENT_3D('',#845,#846,#847);
#845 = CARTESIAN_POINT('',(-21.,2.,10.));
#846 = DIRECTION('',(6.661338147751E-16,0.,1.));
#847 = DIRECTION('',(1.,0.,-6.661338147751E-16));
#848 = DEFINITIONAL_REPRESENTATION('',(#849),#853);
#849 = LINE('',#850,#851);
#850 = CARTESIAN_POINT('',(0.,-10.));
#851 = VECTOR('',#852,1.);
#852 = DIRECTION('',(1.,0.));
#853 = ( GEOMETRIC_REPRESENTATION_CONTEXT(2) 
PARAMETRIC_REPRESENTATION_CONTEXT() REPRESENTATION_CONTEXT('2D SPACE',''
  ) );
#854 = FACE_BOUND('',#855,.F.);
#855 = EDGE_LOOP('',(#856));
#856 = ORIENTED_EDGE('',*,*,#857,.F.);
#857 = EDGE_CURVE('',#858,#858,#860,.T.);
#858 = VERTEX_POINT('',#859);
#859 = CARTESIAN_POINT('',(-3.75,2.,-7.105427357601E-15));
#860 = SURFACE_CURVE('',#861,(#866,#873),.PCURVE_S1.);
#861 = CIRCLE('',#862,2.25);
#862 = AXIS2_PLACEMENT_3D('',#863,#864,#865);
#863 = CARTESIAN_POINT('',(-6.,2.,-1.33226762955E-14));
#864 = DIRECTION('',(0.,0.,1.));
#865 = DIRECTION('',(1.,0.,0.));
#866 = PCURVE('',#611,#867);
#867 = DEFINITIONAL_REPRESENTATION('',(#868),#872);
#868 = CIRCLE('',#869,2.25);
#869 = AXIS2_PLACEMENT_2D('',#870,#871);
#870 = CARTESIAN_POINT('',(-6.411627906977,2.338372093023));
#871 = DIRECTION('',(1.,0.));
#872 = ( GEOMETRIC_REPRESENTATION_CONTEXT(2) 
PARAMETRIC_REPRESENTATION_CONTEXT() REPRESENTATION_CONTEXT('2D SPACE',''
  ) );
#873 = PCURVE('',#874,#879);
#874 = CYLINDRICAL_SURFACE('',#875,2.25);
#875 = AXIS2_PLACEMENT_3D('',#876,#877,#878);
#876 = CARTESIAN_POINT('',(-6.,2.,10.));
#877 = DIRECTION('',(6.661338147751E-16,0.,1.));
#878 = DIRECTION('',(1.,0.,-6.661338147751E-16));
#879 = DEFINITIONAL_REPRESENTATION('',(#880),#884);
#880 = LINE('',#881,#882);
#881 = CARTESIAN_POINT('',(0.,-10.));
#882 = VECTOR('',#883,1.);
#883 = DIRECTION('',(1.,0.));
#884 = ( GEOMETRIC_REPRESENTATION_CONTEXT(2) 
PARAMETRIC_REPRESENTATION_CONTEXT() REPRESENTATION_CONTEXT('2D SPACE',''
  ) );
#885 = ADVANCED_FACE('',(#886),#583,.T.);
#886 = FACE_BOUND('',#887,.T.);
#887 = EDGE_LOOP('',(#888,#889,#890,#913,#941));
#888 = ORIENTED_EDGE('',*,*,#801,.F.);
#889 = ORIENTED_EDGE('',*,*,#567,.T.);
#890 = ORIENTED_EDGE('',*,*,#891,.T.);
#891 = EDGE_CURVE('',#545,#892,#894,.T.);
#892 = VERTEX_POINT('',#893);
#893 = CARTESIAN_POINT('',(-12.5,-8.5,-26.5));
#894 = SURFACE_CURVE('',#895,(#899,#906),.PCURVE_S1.);
#895 = LINE('',#896,#897);
#896 = CARTESIAN_POINT('',(41.,-8.5,-26.5));
#897 = VECTOR('',#898,1.);
#898 = DIRECTION('',(-1.,0.,0.));
#899 = PCURVE('',#583,#900);
#900 = DEFINITIONAL_REPRESENTATION('',(#901),#905);
#901 = LINE('',#902,#903);
#902 = CARTESIAN_POINT('',(-5.684341886081E-14,-26.5));
#903 = VECTOR('',#904,1.);
#904 = DIRECTION('',(1.,0.));
#905 = ( GEOMETRIC_REPRESENTATION_CONTEXT(2) 
PARAMETRIC_REPRESENTATION_CONTEXT() REPRESENTATION_CONTEXT('2D SPACE',''
  ) );
#906 = PCURVE('',#129,#907);
#907 = DEFINITIONAL_REPRESENTATION('',(#908),#912);
#908 = LINE('',#909,#910);
#909 = CARTESIAN_POINT('',(-29.02612989445,10.85035003251));
#910 = VECTOR('',#911,1.);
#911 = DIRECTION('',(1.,1.972152263053E-31));
#912 = ( GEOMETRIC_REPRESENTATION_CONTEXT(2) 
PARAMETRIC_REPRESENTATION_CONTEXT() REPRESENTATION_CONTEXT('2D SPACE',''
  ) );
#913 = ORIENTED_EDGE('',*,*,#914,.F.);
#914 = EDGE_CURVE('',#915,#892,#917,.T.);
#915 = VERTEX_POINT('',#916);
#916 = CARTESIAN_POINT('',(-41.,-8.5,-3.75));
#917 = SURFACE_CURVE('',#918,(#922,#929),.PCURVE_S1.);
#918 = LINE('',#919,#920);
#919 = CARTESIAN_POINT('',(-41.,-8.5,-3.75));
#920 = VECTOR('',#921,1.);
#921 = DIRECTION('',(0.781537199878,-1.385244456936E-16,-0.623858642008)
  );
#922 = PCURVE('',#583,#923);
#923 = DEFINITIONAL_REPRESENTATION('',(#924),#928);
#924 = LINE('',#925,#926);
#925 = CARTESIAN_POINT('',(82.,-3.75));
#926 = VECTOR('',#927,1.);
#927 = DIRECTION('',(-0.781537199878,-0.623858642008));
#928 = ( GEOMETRIC_REPRESENTATION_CONTEXT(2) 
PARAMETRIC_REPRESENTATION_CONTEXT() REPRESENTATION_CONTEXT('2D SPACE',''
  ) );
#929 = PCURVE('',#930,#935);
#930 = PLANE('',#931);
#931 = AXIS2_PLACEMENT_3D('',#932,#933,#934);
#932 = CARTESIAN_POINT('',(-41.,-8.5,-3.75));
#933 = DIRECTION('',(0.623858642008,1.73536118781E-16,0.781537199878));
#934 = DIRECTION('',(0.781537199878,-1.385244456936E-16,-0.623858642008)
  );
#935 = DEFINITIONAL_REPRESENTATION('',(#936),#940);
#936 = LINE('',#937,#938);
#937 = CARTESIAN_POINT('',(-8.311466741618E-16,-2.958228394579E-31));
#938 = VECTOR('',#939,1.);
#939 = DIRECTION('',(1.,2.465190328816E-32));
#940 = ( GEOMETRIC_REPRESENTATION_CONTEXT(2) 
PARAMETRIC_REPRESENTATION_CONTEXT() REPRESENTATION_CONTEXT('2D SPACE',''
  ) );
#941 = ORIENTED_EDGE('',*,*,#942,.F.);
#942 = EDGE_CURVE('',#779,#915,#943,.T.);
#943 = SURFACE_CURVE('',#944,(#948,#955),.PCURVE_S1.);
#944 = LINE('',#945,#946);
#945 = CARTESIAN_POINT('',(-41.,-8.5,-1.33226762955E-14));
#946 = VECTOR('',#947,1.);
#947 = DIRECTION('',(0.,-0.,-1.));
#948 = PCURVE('',#583,#949);
#949 = DEFINITIONAL_REPRESENTATION('',(#950),#954);
#950 = LINE('',#951,#952);
#951 = CARTESIAN_POINT('',(82.,0.));
#952 = VECTOR('',#953,1.);
#953 = DIRECTION('',(0.,-1.));
#954 = ( GEOMETRIC_REPRESENTATION_CONTEXT(2) 
PARAMETRIC_REPRESENTATION_CONTEXT() REPRESENTATION_CONTEXT('2D SPACE',''
  ) );
#955 = PCURVE('',#693,#956);
#956 = DEFINITIONAL_REPRESENTATION('',(#957),#961);
#957 = LINE('',#958,#959);
#958 = CARTESIAN_POINT('',(-6.875,3.375));
#959 = VECTOR('',#960,1.);
#960 = DIRECTION('',(1.,-0.));
#961 = ( GEOMETRIC_REPRESENTATION_CONTEXT(2) 
PARAMETRIC_REPRESENTATION_CONTEXT() REPRESENTATION_CONTEXT('2D SPACE',''
  ) );
#962 = ADVANCED_FACE('',(#963),#532,.T.);
#963 = FACE_BOUND('',#964,.T.);
#964 = EDGE_LOOP('',(#965,#988,#989,#1012));
#965 = ORIENTED_EDGE('',*,*,#966,.F.);
#966 = EDGE_CURVE('',#517,#967,#969,.T.);
#967 = VERTEX_POINT('',#968);
#968 = CARTESIAN_POINT('',(23.45,-13.5,-26.5));
#969 = SURFACE_CURVE('',#970,(#974,#981),.PCURVE_S1.);
#970 = LINE('',#971,#972);
#971 = CARTESIAN_POINT('',(25.1125,-13.5,-26.5));
#972 = VECTOR('',#973,1.);
#973 = DIRECTION('',(-1.,0.,0.));
#974 = PCURVE('',#532,#975);
#975 = DEFINITIONAL_REPRESENTATION('',(#976),#980);
#976 = LINE('',#977,#978);
#977 = CARTESIAN_POINT('',(43.35671600618,-6.316359857482));
#978 = VECTOR('',#979,1.);
#979 = DIRECTION('',(0.,-1.));
#980 = ( GEOMETRIC_REPRESENTATION_CONTEXT(2) 
PARAMETRIC_REPRESENTATION_CONTEXT() REPRESENTATION_CONTEXT('2D SPACE',''
  ) );
#981 = PCURVE('',#129,#982);
#982 = DEFINITIONAL_REPRESENTATION('',(#983),#987);
#983 = LINE('',#984,#985);
#984 = CARTESIAN_POINT('',(-13.13862989445,5.85035003251));
#985 = VECTOR('',#986,1.);
#986 = DIRECTION('',(1.,1.972152263053E-31));
#987 = ( GEOMETRIC_REPRESENTATION_CONTEXT(2) 
PARAMETRIC_REPRESENTATION_CONTEXT() REPRESENTATION_CONTEXT('2D SPACE',''
  ) );
#988 = ORIENTED_EDGE('',*,*,#516,.T.);
#989 = ORIENTED_EDGE('',*,*,#990,.T.);
#990 = EDGE_CURVE('',#494,#991,#993,.T.);
#991 = VERTEX_POINT('',#992);
#992 = CARTESIAN_POINT('',(23.45,-13.5,48.));
#993 = SURFACE_CURVE('',#994,(#998,#1005),.PCURVE_S1.);
#994 = LINE('',#995,#996);
#995 = CARTESIAN_POINT('',(30.464429928741,-13.5,48.));
#996 = VECTOR('',#997,1.);
#997 = DIRECTION('',(-1.,0.,6.661338147751E-16));
#998 = PCURVE('',#532,#999);
#999 = DEFINITIONAL_REPRESENTATION('',(#1000),#1004);
#1000 = LINE('',#1001,#1002);
#1001 = CARTESIAN_POINT('',(-31.14328399382,-0.964429928741));
#1002 = VECTOR('',#1003,1.);
#1003 = DIRECTION('',(-6.661338147751E-16,-1.));
#1004 = ( GEOMETRIC_REPRESENTATION_CONTEXT(2) 
PARAMETRIC_REPRESENTATION_CONTEXT() REPRESENTATION_CONTEXT('2D SPACE',''
  ) );
#1005 = PCURVE('',#300,#1006);
#1006 = DEFINITIONAL_REPRESENTATION('',(#1007),#1011);
#1007 = LINE('',#1008,#1009);
#1008 = CARTESIAN_POINT('',(4.688333790366,4.016096138375));
#1009 = VECTOR('',#1010,1.);
#1010 = DIRECTION('',(-1.,0.));
#1011 = ( GEOMETRIC_REPRESENTATION_CONTEXT(2) 
PARAMETRIC_REPRESENTATION_CONTEXT() REPRESENTATION_CONTEXT('2D SPACE',''
  ) );
#1012 = ORIENTED_EDGE('',*,*,#1013,.F.);
#1013 = EDGE_CURVE('',#967,#991,#1014,.T.);
#1014 = SURFACE_CURVE('',#1015,(#1019,#1026),.PCURVE_S1.);
#1015 = LINE('',#1016,#1017);
#1016 = CARTESIAN_POINT('',(23.45,-13.5,10.));
#1017 = VECTOR('',#1018,1.);
#1018 = DIRECTION('',(0.,0.,1.));
#1019 = PCURVE('',#532,#1020);
#1020 = DEFINITIONAL_REPRESENTATION('',(#1021),#1025);
#1021 = LINE('',#1022,#1023);
#1022 = CARTESIAN_POINT('',(6.85671600618,-7.978859857482));
#1023 = VECTOR('',#1024,1.);
#1024 = DIRECTION('',(-1.,0.));
#1025 = ( GEOMETRIC_REPRESENTATION_CONTEXT(2) 
PARAMETRIC_REPRESENTATION_CONTEXT() REPRESENTATION_CONTEXT('2D SPACE',''
  ) );
#1026 = PCURVE('',#328,#1027);
#1027 = DEFINITIONAL_REPRESENTATION('',(#1028),#1032);
#1028 = LINE('',#1029,#1030);
#1029 = CARTESIAN_POINT('',(-4.063097890646E-02,-10.53053570929));
#1030 = VECTOR('',#1031,1.);
#1031 = DIRECTION('',(1.,-4.876396652642E-31));
#1032 = ( GEOMETRIC_REPRESENTATION_CONTEXT(2) 
PARAMETRIC_REPRESENTATION_CONTEXT() REPRESENTATION_CONTEXT('2D SPACE',''
  ) );
#1033 = ADVANCED_FACE('',(#1034,#1166,#1197,#1228,#1259),#300,.T.);
#1034 = FACE_BOUND('',#1035,.T.);
#1035 = EDGE_LOOP('',(#1036,#1066,#1088,#1089,#1110,#1111,#1112,#1135));
#1036 = ORIENTED_EDGE('',*,*,#1037,.T.);
#1037 = EDGE_CURVE('',#1038,#1040,#1042,.T.);
#1038 = VERTEX_POINT('',#1039);
#1039 = CARTESIAN_POINT('',(17.999999999994,-10.88,48.));
#1040 = VERTEX_POINT('',#1041);
#1041 = CARTESIAN_POINT('',(18.00000000005,-32.6,48.));
#1042 = SURFACE_CURVE('',#1043,(#1047,#1054),.PCURVE_S1.);
#1043 = LINE('',#1044,#1045);
#1044 = CARTESIAN_POINT('',(18.000000000039,-33.,48.));
#1045 = VECTOR('',#1046,1.);
#1046 = DIRECTION('',(0.,-1.,0.));
#1047 = PCURVE('',#300,#1048);
#1048 = DEFINITIONAL_REPRESENTATION('',(#1049),#1053);
#1049 = LINE('',#1050,#1051);
#1050 = CARTESIAN_POINT('',(-7.776096138337,-15.48390386162));
#1051 = VECTOR('',#1052,1.);
#1052 = DIRECTION('',(0.,-1.));
#1053 = ( GEOMETRIC_REPRESENTATION_CONTEXT(2) 
PARAMETRIC_REPRESENTATION_CONTEXT() REPRESENTATION_CONTEXT('2D SPACE',''
  ) );
#1054 = PCURVE('',#1055,#1060);
#1055 = PLANE('',#1056);
#1056 = AXIS2_PLACEMENT_3D('',#1057,#1058,#1059);
#1057 = CARTESIAN_POINT('',(18.000000000019,-17.7137663286,
    22.084116646005));
#1058 = DIRECTION('',(-1.,-2.58111E-12,-2.80608869474E-13));
#1059 = DIRECTION('',(-2.80608869474E-13,0.,1.));
#1060 = DEFINITIONAL_REPRESENTATION('',(#1061),#1065);
#1061 = LINE('',#1062,#1063);
#1062 = CARTESIAN_POINT('',(25.915883353995,-15.28623367139));
#1063 = VECTOR('',#1064,1.);
#1064 = DIRECTION('',(0.,-1.));
#1065 = ( GEOMETRIC_REPRESENTATION_CONTEXT(2) 
PARAMETRIC_REPRESENTATION_CONTEXT() REPRESENTATION_CONTEXT('2D SPACE',''
  ) );
#1066 = ORIENTED_EDGE('',*,*,#1067,.T.);
#1067 = EDGE_CURVE('',#1040,#257,#1068,.T.);
#1068 = SURFACE_CURVE('',#1069,(#1074,#1081),.PCURVE_S1.);
#1069 = CIRCLE('',#1070,2.);
#1070 = AXIS2_PLACEMENT_3D('',#1071,#1072,#1073);
#1071 = CARTESIAN_POINT('',(20.00000000005,-32.6,48.));
#1072 = DIRECTION('',(1.33226762955E-15,-1.6E-16,1.));
#1073 = DIRECTION('',(1.,-1.232595164408E-32,-1.33226762955E-15));
#1074 = PCURVE('',#300,#1075);
#1075 = DEFINITIONAL_REPRESENTATION('',(#1076),#1080);
#1076 = CIRCLE('',#1077,2.);
#1077 = AXIS2_PLACEMENT_2D('',#1078,#1079);
#1078 = CARTESIAN_POINT('',(-5.776096138325,-15.08390386162));
#1079 = DIRECTION('',(1.,-1.232595164408E-32));
#1080 = ( GEOMETRIC_REPRESENTATION_CONTEXT(2) 
PARAMETRIC_REPRESENTATION_CONTEXT() REPRESENTATION_CONTEXT('2D SPACE',''
  ) );
#1081 = PCURVE('',#272,#1082);
#1082 = DEFINITIONAL_REPRESENTATION('',(#1083),#1087);
#1083 = LINE('',#1084,#1085);
#1084 = CARTESIAN_POINT('',(3.141592653592,5.5267E-13));
#1085 = VECTOR('',#1086,1.);
#1086 = DIRECTION('',(-1.,0.));
#1087 = ( GEOMETRIC_REPRESENTATION_CONTEXT(2) 
PARAMETRIC_REPRESENTATION_CONTEXT() REPRESENTATION_CONTEXT('2D SPACE',''
  ) );
#1088 = ORIENTED_EDGE('',*,*,#284,.F.);
#1089 = ORIENTED_EDGE('',*,*,#1090,.F.);
#1090 = EDGE_CURVE('',#991,#285,#1091,.T.);
#1091 = SURFACE_CURVE('',#1092,(#1096,#1103),.PCURVE_S1.);
#1092 = LINE('',#1093,#1094);
#1093 = CARTESIAN_POINT('',(23.45,-33.,48.));
#1094 = VECTOR('',#1095,1.);
#1095 = DIRECTION('',(0.,-1.,0.));
#1096 = PCURVE('',#300,#1097);
#1097 = DEFINITIONAL_REPRESENTATION('',(#1098),#1102);
#1098 = LINE('',#1099,#1100);
#1099 = CARTESIAN_POINT('',(-2.326096138376,-15.48390386162));
#1100 = VECTOR('',#1101,1.);
#1101 = DIRECTION('',(0.,-1.));
#1102 = ( GEOMETRIC_REPRESENTATION_CONTEXT(2) 
PARAMETRIC_REPRESENTATION_CONTEXT() REPRESENTATION_CONTEXT('2D SPACE',''
  ) );
#1103 = PCURVE('',#328,#1104);
#1104 = DEFINITIONAL_REPRESENTATION('',(#1105),#1109);
#1105 = LINE('',#1106,#1107);
#1106 = CARTESIAN_POINT('',(37.959369021094,8.969464290701));
#1107 = VECTOR('',#1108,1.);
#1108 = DIRECTION('',(0.,1.));
#1109 = ( GEOMETRIC_REPRESENTATION_CONTEXT(2) 
PARAMETRIC_REPRESENTATION_CONTEXT() REPRESENTATION_CONTEXT('2D SPACE',''
  ) );
#1110 = ORIENTED_EDGE('',*,*,#990,.F.);
#1111 = ORIENTED_EDGE('',*,*,#493,.T.);
#1112 = ORIENTED_EDGE('',*,*,#1113,.T.);
#1113 = EDGE_CURVE('',#466,#1114,#1116,.T.);
#1114 = VERTEX_POINT('',#1115);
#1115 = CARTESIAN_POINT('',(20.999999999994,-7.88,48.));
#1116 = SURFACE_CURVE('',#1117,(#1121,#1128),.PCURVE_S1.);
#1117 = LINE('',#1118,#1119);
#1118 = CARTESIAN_POINT('',(41.,-7.88,48.));
#1119 = VECTOR('',#1120,1.);
#1120 = DIRECTION('',(-1.,0.,0.));
#1121 = PCURVE('',#300,#1122);
#1122 = DEFINITIONAL_REPRESENTATION('',(#1123),#1127);
#1123 = LINE('',#1124,#1125);
#1124 = CARTESIAN_POINT('',(15.223903861624,9.636096138375));
#1125 = VECTOR('',#1126,1.);
#1126 = DIRECTION('',(-1.,0.));
#1127 = ( GEOMETRIC_REPRESENTATION_CONTEXT(2) 
PARAMETRIC_REPRESENTATION_CONTEXT() REPRESENTATION_CONTEXT('2D SPACE',''
  ) );
#1128 = PCURVE('',#481,#1129);
#1129 = DEFINITIONAL_REPRESENTATION('',(#1130),#1134);
#1130 = LINE('',#1131,#1132);
#1131 = CARTESIAN_POINT('',(14.66135476872,11.5));
#1132 = VECTOR('',#1133,1.);
#1133 = DIRECTION('',(0.,-1.));
#1134 = ( GEOMETRIC_REPRESENTATION_CONTEXT(2) 
PARAMETRIC_REPRESENTATION_CONTEXT() REPRESENTATION_CONTEXT('2D SPACE',''
  ) );
#1135 = ORIENTED_EDGE('',*,*,#1136,.F.);
#1136 = EDGE_CURVE('',#1038,#1114,#1137,.T.);
#1137 = SURFACE_CURVE('',#1138,(#1143,#1154),.PCURVE_S1.);
#1138 = CIRCLE('',#1139,3.);
#1139 = AXIS2_PLACEMENT_3D('',#1140,#1141,#1142);
#1140 = CARTESIAN_POINT('',(20.999999999994,-10.88,48.));
#1141 = DIRECTION('',(-8.881784197001E-16,-2.2E-16,-1.));
#1142 = DIRECTION('',(1.,0.,-8.881784197001E-16));
#1143 = PCURVE('',#300,#1144);
#1144 = DEFINITIONAL_REPRESENTATION('',(#1145),#1153);
#1145 = ( BOUNDED_CURVE() B_SPLINE_CURVE(2,(#1146,#1147,#1148,#1149,
#1150,#1151,#1152),.UNSPECIFIED.,.T.,.F.) B_SPLINE_CURVE_WITH_KNOTS((1,2
    ,2,2,2,1),(-2.094395102393,0.,2.094395102393,4.188790204786,
6.28318530718,8.377580409573),.UNSPECIFIED.) CURVE() 
GEOMETRIC_REPRESENTATION_ITEM() RATIONAL_B_SPLINE_CURVE((1.,0.5,1.,0.5,
1.,0.5,1.)) REPRESENTATION_ITEM('') );
#1146 = CARTESIAN_POINT('',(-1.776096138382,6.636096138375));
#1147 = CARTESIAN_POINT('',(-1.776096138382,1.439943715668));
#1148 = CARTESIAN_POINT('',(-6.276096138382,4.038019927022));
#1149 = CARTESIAN_POINT('',(-10.77609613838,6.636096138375));
#1150 = CARTESIAN_POINT('',(-6.276096138382,9.234172349728));
#1151 = CARTESIAN_POINT('',(-1.776096138382,11.832248561082));
#1152 = CARTESIAN_POINT('',(-1.776096138382,6.636096138375));
#1153 = ( GEOMETRIC_REPRESENTATION_CONTEXT(2) 
PARAMETRIC_REPRESENTATION_CONTEXT() REPRESENTATION_CONTEXT('2D SPACE',''
  ) );
#1154 = PCURVE('',#1155,#1160);
#1155 = CYLINDRICAL_SURFACE('',#1156,3.);
#1156 = AXIS2_PLACEMENT_3D('',#1157,#1158,#1159);
#1157 = CARTESIAN_POINT('',(20.999999999994,-10.88,48.000000000001));
#1158 = DIRECTION('',(-8.881784197001E-16,-2.2E-16,-1.));
#1159 = DIRECTION('',(-1.,-2.58111E-12,8.881784197001E-16));
#1160 = DEFINITIONAL_REPRESENTATION('',(#1161),#1165);
#1161 = LINE('',#1162,#1163);
#1162 = CARTESIAN_POINT('',(-3.141592653587,8.3403E-13));
#1163 = VECTOR('',#1164,1.);
#1164 = DIRECTION('',(1.,0.));
#1165 = ( GEOMETRIC_REPRESENTATION_CONTEXT(2) 
PARAMETRIC_REPRESENTATION_CONTEXT() REPRESENTATION_CONTEXT('2D SPACE',''
  ) );
#1166 = FACE_BOUND('',#1167,.T.);
#1167 = EDGE_LOOP('',(#1168));
#1168 = ORIENTED_EDGE('',*,*,#1169,.F.);
#1169 = EDGE_CURVE('',#1170,#1170,#1172,.T.);
#1170 = VERTEX_POINT('',#1171);
#1171 = CARTESIAN_POINT('',(21.325,-23.3,48.));
#1172 = SURFACE_CURVE('',#1173,(#1178,#1185),.PCURVE_S1.);
#1173 = CIRCLE('',#1174,0.6);
#1174 = AXIS2_PLACEMENT_3D('',#1175,#1176,#1177);
#1175 = CARTESIAN_POINT('',(20.725,-23.3,48.));
#1176 = DIRECTION('',(0.,0.,1.));
#1177 = DIRECTION('',(1.,0.,0.));
#1178 = PCURVE('',#300,#1179);
#1179 = DEFINITIONAL_REPRESENTATION('',(#1180),#1184);
#1180 = CIRCLE('',#1181,0.6);
#1181 = AXIS2_PLACEMENT_2D('',#1182,#1183);
#1182 = CARTESIAN_POINT('',(-5.051096138376,-5.783903861625));
#1183 = DIRECTION('',(1.,0.));
#1184 = ( GEOMETRIC_REPRESENTATION_CONTEXT(2) 
PARAMETRIC_REPRESENTATION_CONTEXT() REPRESENTATION_CONTEXT('2D SPACE',''
  ) );
#1185 = PCURVE('',#1186,#1191);
#1186 = CYLINDRICAL_SURFACE('',#1187,0.6);
#1187 = AXIS2_PLACEMENT_3D('',#1188,#1189,#1190);
#1188 = CARTESIAN_POINT('',(20.725,-23.3,48.));
#1189 = DIRECTION('',(6.661338147751E-16,0.,1.));
#1190 = DIRECTION('',(1.,0.,-6.661338147751E-16));
#1191 = DEFINITIONAL_REPRESENTATION('',(#1192),#1196);
#1192 = LINE('',#1193,#1194);
#1193 = CARTESIAN_POINT('',(0.,0.));
#1194 = VECTOR('',#1195,1.);
#1195 = DIRECTION('',(1.,0.));
#1196 = ( GEOMETRIC_REPRESENTATION_CONTEXT(2) 
PARAMETRIC_REPRESENTATION_CONTEXT() REPRESENTATION_CONTEXT('2D SPACE',''
  ) );
#1197 = FACE_BOUND('',#1198,.T.);
#1198 = EDGE_LOOP('',(#1199));
#1199 = ORIENTED_EDGE('',*,*,#1200,.F.);
#1200 = EDGE_CURVE('',#1201,#1201,#1203,.T.);
#1201 = VERTEX_POINT('',#1202);
#1202 = CARTESIAN_POINT('',(21.325,-15.3,48.));
#1203 = SURFACE_CURVE('',#1204,(#1209,#1216),.PCURVE_S1.);
#1204 = CIRCLE('',#1205,0.6);
#1205 = AXIS2_PLACEMENT_3D('',#1206,#1207,#1208);
#1206 = CARTESIAN_POINT('',(20.725,-15.3,48.));
#1207 = DIRECTION('',(0.,0.,1.));
#1208 = DIRECTION('',(1.,0.,0.));
#1209 = PCURVE('',#300,#1210);
#1210 = DEFINITIONAL_REPRESENTATION('',(#1211),#1215);
#1211 = CIRCLE('',#1212,0.6);
#1212 = AXIS2_PLACEMENT_2D('',#1213,#1214);
#1213 = CARTESIAN_POINT('',(-5.051096138376,2.216096138375));
#1214 = DIRECTION('',(1.,0.));
#1215 = ( GEOMETRIC_REPRESENTATION_CONTEXT(2) 
PARAMETRIC_REPRESENTATION_CONTEXT() REPRESENTATION_CONTEXT('2D SPACE',''
  ) );
#1216 = PCURVE('',#1217,#1222);
#1217 = CYLINDRICAL_SURFACE('',#1218,0.6);
#1218 = AXIS2_PLACEMENT_3D('',#1219,#1220,#1221);
#1219 = CARTESIAN_POINT('',(20.725,-15.3,48.));
#1220 = DIRECTION('',(6.661338147751E-16,0.,1.));
#1221 = DIRECTION('',(1.,0.,-6.661338147751E-16));
#1222 = DEFINITIONAL_REPRESENTATION('',(#1223),#1227);
#1223 = LINE('',#1224,#1225);
#1224 = CARTESIAN_POINT('',(0.,0.));
#1225 = VECTOR('',#1226,1.);
#1226 = DIRECTION('',(1.,0.));
#1227 = ( GEOMETRIC_REPRESENTATION_CONTEXT(2) 
PARAMETRIC_REPRESENTATION_CONTEXT() REPRESENTATION_CONTEXT('2D SPACE',''
  ) );
#1228 = FACE_BOUND('',#1229,.T.);
#1229 = EDGE_LOOP('',(#1230));
#1230 = ORIENTED_EDGE('',*,*,#1231,.F.);
#1231 = EDGE_CURVE('',#1232,#1232,#1234,.T.);
#1232 = VERTEX_POINT('',#1233);
#1233 = CARTESIAN_POINT('',(22.1,-10.69,48.));
#1234 = SURFACE_CURVE('',#1235,(#1240,#1247),.PCURVE_S1.);
#1235 = CIRCLE('',#1236,0.6);
#1236 = AXIS2_PLACEMENT_3D('',#1237,#1238,#1239);
#1237 = CARTESIAN_POINT('',(21.5,-10.69,48.));
#1238 = DIRECTION('',(0.,0.,1.));
#1239 = DIRECTION('',(1.,0.,0.));
#1240 = PCURVE('',#300,#1241);
#1241 = DEFINITIONAL_REPRESENTATION('',(#1242),#1246);
#1242 = CIRCLE('',#1243,0.6);
#1243 = AXIS2_PLACEMENT_2D('',#1244,#1245);
#1244 = CARTESIAN_POINT('',(-4.276096138376,6.826096138375));
#1245 = DIRECTION('',(1.,0.));
#1246 = ( GEOMETRIC_REPRESENTATION_CONTEXT(2) 
PARAMETRIC_REPRESENTATION_CONTEXT() REPRESENTATION_CONTEXT('2D SPACE',''
  ) );
#1247 = PCURVE('',#1248,#1253);
#1248 = CYLINDRICAL_SURFACE('',#1249,0.6);
#1249 = AXIS2_PLACEMENT_3D('',#1250,#1251,#1252);
#1250 = CARTESIAN_POINT('',(21.5,-10.69,48.));
#1251 = DIRECTION('',(6.661338147751E-16,0.,1.));
#1252 = DIRECTION('',(1.,0.,-6.661338147751E-16));
#1253 = DEFINITIONAL_REPRESENTATION('',(#1254),#1258);
#1254 = LINE('',#1255,#1256);
#1255 = CARTESIAN_POINT('',(0.,0.));
#1256 = VECTOR('',#1257,1.);
#1257 = DIRECTION('',(1.,0.));
#1258 = ( GEOMETRIC_REPRESENTATION_CONTEXT(2) 
PARAMETRIC_REPRESENTATION_CONTEXT() REPRESENTATION_CONTEXT('2D SPACE',''
  ) );
#1259 = FACE_BOUND('',#1260,.T.);
#1260 = EDGE_LOOP('',(#1261));
#1261 = ORIENTED_EDGE('',*,*,#1262,.F.);
#1262 = EDGE_CURVE('',#1263,#1263,#1265,.T.);
#1263 = VERTEX_POINT('',#1264);
#1264 = CARTESIAN_POINT('',(30.1,-10.69,48.));
#1265 = SURFACE_CURVE('',#1266,(#1271,#1278),.PCURVE_S1.);
#1266 = CIRCLE('',#1267,0.6);
#1267 = AXIS2_PLACEMENT_3D('',#1268,#1269,#1270);
#1268 = CARTESIAN_POINT('',(29.5,-10.69,48.));
#1269 = DIRECTION('',(0.,0.,1.));
#1270 = DIRECTION('',(1.,0.,0.));
#1271 = PCURVE('',#300,#1272);
#1272 = DEFINITIONAL_REPRESENTATION('',(#1273),#1277);
#1273 = CIRCLE('',#1274,0.6);
#1274 = AXIS2_PLACEMENT_2D('',#1275,#1276);
#1275 = CARTESIAN_POINT('',(3.723903861624,6.826096138375));
#1276 = DIRECTION('',(1.,0.));
#1277 = ( GEOMETRIC_REPRESENTATION_CONTEXT(2) 
PARAMETRIC_REPRESENTATION_CONTEXT() REPRESENTATION_CONTEXT('2D SPACE',''
  ) );
#1278 = PCURVE('',#1279,#1284);
#1279 = CYLINDRICAL_SURFACE('',#1280,0.6);
#1280 = AXIS2_PLACEMENT_3D('',#1281,#1282,#1283);
#1281 = CARTESIAN_POINT('',(29.5,-10.69,48.));
#1282 = DIRECTION('',(6.661338147751E-16,0.,1.));
#1283 = DIRECTION('',(1.,0.,-6.661338147751E-16));
#1284 = DEFINITIONAL_REPRESENTATION('',(#1285),#1289);
#1285 = LINE('',#1286,#1287);
#1286 = CARTESIAN_POINT('',(0.,0.));
#1287 = VECTOR('',#1288,1.);
#1288 = DIRECTION('',(1.,0.));
#1289 = ( GEOMETRIC_REPRESENTATION_CONTEXT(2) 
PARAMETRIC_REPRESENTATION_CONTEXT() REPRESENTATION_CONTEXT('2D SPACE',''
  ) );
#1290 = ADVANCED_FACE('',(#1291),#481,.T.);
#1291 = FACE_BOUND('',#1292,.T.);
#1292 = EDGE_LOOP('',(#1293,#1316,#1337,#1338));
#1293 = ORIENTED_EDGE('',*,*,#1294,.F.);
#1294 = EDGE_CURVE('',#1295,#433,#1297,.T.);
#1295 = VERTEX_POINT('',#1296);
#1296 = CARTESIAN_POINT('',(20.999999999994,-7.88,27.));
#1297 = SURFACE_CURVE('',#1298,(#1302,#1309),.PCURVE_S1.);
#1298 = LINE('',#1299,#1300);
#1299 = CARTESIAN_POINT('',(18.,-7.88,27.));
#1300 = VECTOR('',#1301,1.);
#1301 = DIRECTION('',(1.,0.,-8.881784197001E-16));
#1302 = PCURVE('',#481,#1303);
#1303 = DEFINITIONAL_REPRESENTATION('',(#1304),#1308);
#1304 = LINE('',#1305,#1306);
#1305 = CARTESIAN_POINT('',(-6.33864523128,-11.5));
#1306 = VECTOR('',#1307,1.);
#1307 = DIRECTION('',(-7.216449660064E-16,1.));
#1308 = ( GEOMETRIC_REPRESENTATION_CONTEXT(2) 
PARAMETRIC_REPRESENTATION_CONTEXT() REPRESENTATION_CONTEXT('2D SPACE',''
  ) );
#1309 = PCURVE('',#453,#1310);
#1310 = DEFINITIONAL_REPRESENTATION('',(#1311),#1315);
#1311 = LINE('',#1312,#1313);
#1312 = CARTESIAN_POINT('',(-1.570796326795,0.));
#1313 = VECTOR('',#1314,1.);
#1314 = DIRECTION('',(-0.,1.));
#1315 = ( GEOMETRIC_REPRESENTATION_CONTEXT(2) 
PARAMETRIC_REPRESENTATION_CONTEXT() REPRESENTATION_CONTEXT('2D SPACE',''
  ) );
#1316 = ORIENTED_EDGE('',*,*,#1317,.F.);
#1317 = EDGE_CURVE('',#1114,#1295,#1318,.T.);
#1318 = SURFACE_CURVE('',#1319,(#1323,#1330),.PCURVE_S1.);
#1319 = LINE('',#1320,#1321);
#1320 = CARTESIAN_POINT('',(20.999999999994,-7.88,48.000000000001));
#1321 = VECTOR('',#1322,1.);
#1322 = DIRECTION('',(-8.881784197001E-16,-2.2E-16,-1.));
#1323 = PCURVE('',#481,#1324);
#1324 = DEFINITIONAL_REPRESENTATION('',(#1325),#1329);
#1325 = LINE('',#1326,#1327);
#1326 = CARTESIAN_POINT('',(14.661354768721,-8.500000000006));
#1327 = VECTOR('',#1328,1.);
#1328 = DIRECTION('',(-1.,-7.216449660064E-16));
#1329 = ( GEOMETRIC_REPRESENTATION_CONTEXT(2) 
PARAMETRIC_REPRESENTATION_CONTEXT() REPRESENTATION_CONTEXT('2D SPACE',''
  ) );
#1330 = PCURVE('',#1155,#1331);
#1331 = DEFINITIONAL_REPRESENTATION('',(#1332),#1336);
#1332 = LINE('',#1333,#1334);
#1333 = CARTESIAN_POINT('',(1.570796326797,0.));
#1334 = VECTOR('',#1335,1.);
#1335 = DIRECTION('',(0.,1.));
#1336 = ( GEOMETRIC_REPRESENTATION_CONTEXT(2) 
PARAMETRIC_REPRESENTATION_CONTEXT() REPRESENTATION_CONTEXT('2D SPACE',''
  ) );
#1337 = ORIENTED_EDGE('',*,*,#1113,.F.);
#1338 = ORIENTED_EDGE('',*,*,#465,.F.);
#1339 = ADVANCED_FACE('',(#1340),#453,.F.);
#1340 = FACE_BOUND('',#1341,.T.);
#1341 = EDGE_LOOP('',(#1342,#1343,#1344,#1367,#2143));
#1342 = ORIENTED_EDGE('',*,*,#1294,.T.);
#1343 = ORIENTED_EDGE('',*,*,#432,.F.);
#1344 = ORIENTED_EDGE('',*,*,#1345,.T.);
#1345 = EDGE_CURVE('',#405,#1346,#1348,.T.);
#1346 = VERTEX_POINT('',#1347);
#1347 = CARTESIAN_POINT('',(14.999999999959,9.12,10.));
#1348 = SURFACE_CURVE('',#1349,(#1353,#1360),.PCURVE_S1.);
#1349 = LINE('',#1350,#1351);
#1350 = CARTESIAN_POINT('',(18.,9.12,10.));
#1351 = VECTOR('',#1352,1.);
#1352 = DIRECTION('',(-1.,0.,9.436895709314E-16));
#1353 = PCURVE('',#453,#1354);
#1354 = DEFINITIONAL_REPRESENTATION('',(#1355),#1359);
#1355 = LINE('',#1356,#1357);
#1356 = CARTESIAN_POINT('',(-0.,1.78E-15));
#1357 = VECTOR('',#1358,1.);
#1358 = DIRECTION('',(-0.,-1.));
#1359 = ( GEOMETRIC_REPRESENTATION_CONTEXT(2) 
PARAMETRIC_REPRESENTATION_CONTEXT() REPRESENTATION_CONTEXT('2D SPACE',''
  ) );
#1360 = PCURVE('',#420,#1361);
#1361 = DEFINITIONAL_REPRESENTATION('',(#1362),#1366);
#1362 = LINE('',#1363,#1364);
#1363 = CARTESIAN_POINT('',(14.455861526357,13.41948859166));
#1364 = VECTOR('',#1365,1.);
#1365 = DIRECTION('',(-1.,0.));
#1366 = ( GEOMETRIC_REPRESENTATION_CONTEXT(2) 
PARAMETRIC_REPRESENTATION_CONTEXT() REPRESENTATION_CONTEXT('2D SPACE',''
  ) );
#1367 = ORIENTED_EDGE('',*,*,#1368,.F.);
#1368 = EDGE_CURVE('',#1369,#1346,#1371,.T.);
#1369 = VERTEX_POINT('',#1370);
#1370 = CARTESIAN_POINT('',(20.999999387646,-3.021582390215,
    15.101177492641));
#1371 = SURFACE_CURVE('',#1372,(#1518,#1700),.PCURVE_S1.);
#1372 = ( BOUNDED_CURVE() B_SPLINE_CURVE(14,(#1373,#1374,#1375,#1376,
    #1377,#1378,#1379,#1380,#1381,#1382,#1383,#1384,#1385,#1386,#1387,
    #1388,#1389,#1390,#1391,#1392,#1393,#1394,#1395,#1396,#1397,#1398,
    #1399,#1400,#1401,#1402,#1403,#1404,#1405,#1406,#1407,#1408,#1409,
    #1410,#1411,#1412,#1413,#1414,#1415,#1416,#1417,#1418,#1419,#1420,
    #1421,#1422,#1423,#1424,#1425,#1426,#1427,#1428,#1429,#1430,#1431,
    #1432,#1433,#1434,#1435,#1436,#1437,#1438,#1439,#1440,#1441,#1442,
    #1443,#1444,#1445,#1446,#1447,#1448,#1449,#1450,#1451,#1452,#1453,
    #1454,#1455,#1456,#1457,#1458,#1459,#1460,#1461,#1462,#1463,#1464,
    #1465,#1466,#1467,#1468,#1469,#1470,#1471,#1472,#1473,#1474,#1475,
    #1476,#1477,#1478,#1479,#1480,#1481,#1482,#1483,#1484,#1485,#1486,
    #1487,#1488,#1489,#1490,#1491,#1492,#1493,#1494,#1495,#1496,#1497,
    #1498,#1499,#1500,#1501,#1502,#1503,#1504,#1505,#1506,#1507,#1508,
    #1509,#1510,#1511,#1512,#1513,#1514,#1515,#1516,#1517),
.UNSPECIFIED.,.F.,.F.) B_SPLINE_CURVE_WITH_KNOTS((15,13,13,13,13,13,13,
    13,13,13,13,15),(33.891233212438,37.086983668504,39.016946120029,
    43.140284934142,45.670245251848,46.935225410701,47.909914083965,
    48.055059826759,48.127632698157,48.163919133855,48.182062351704,
48.200205569554),.UNSPECIFIED.) CURVE() GEOMETRIC_REPRESENTATION_ITEM() 
RATIONAL_B_SPLINE_CURVE((1.,0.999999999999,1.000000000002,0.999999999994
    ,1.000000000012,0.999999999982,1.000000000022,0.999999999979,
    1.000000000017,0.999999999988,1.000000000007,0.999999999997,
    1.000000000001,1.,1.,0.999999999998,1.000000000007,0.999999999985,
    1.000000000025,0.999999999968,1.000000000035,0.99999999997,
    1.000000000022,0.999999999988,1.000000000005,0.999999999998,1.,1.,1.
    ,1.000000000001,0.999999999997,1.000000000006,0.999999999992,
    1.000000000008,0.999999999993,1.000000000005,0.999999999997,
    1.000000000001,1.,1.,1.,1.,0.999999999999,1.000000000002,
    0.999999999998,1.000000000001,1.,0.999999999998,1.000000000002,
    0.999999999998,1.000000000001,0.999999999999,1.,1.,1.000000000002,
    0.999999999995,1.000000000011,0.999999999981,1.000000000025,
    0.999999999974,1.000000000023,0.999999999984,1.00000000001,
    0.999999999996,1.000000000002,1.,1.,0.999999999999,1.000000000004,
    0.999999999992,1.000000000013,0.999999999983,1.000000000018,
    0.999999999984,1.000000000012,0.999999999993,1.000000000003,
    0.999999999999,1.,1.,1.,1.,1.,1.,1.,0.999999999999,1.000000000002,
    0.999999999998,1.000000000002,0.999999999999,1.,1.,1.,0.999999999999
    ,1.000000000004,0.999999999992,1.000000000012,0.999999999985,
    1.000000000015,0.999999999987,1.000000000009,0.999999999995,
    1.000000000002,0.999999999999,1.,1.,0.999999999999,1.000000000002,
    0.999999999996,1.000000000007,0.999999999991,1.000000000009,
    0.999999999992,1.000000000006,0.999999999997,1.000000000001,1.,1.,1.
    ,0.999999999999,1.000000000002,0.999999999995,1.000000000009,
    0.999999999988,1.000000000014,0.999999999987,1.00000000001,
    0.999999999994,1.000000000003,0.999999999999,1.,0.999999999999,
    1.000000000003,0.999999999991,1.000000000019,0.999999999969,
    1.000000000041,0.999999999957,1.000000000038,0.999999999973,
    1.000000000016,0.999999999993,1.000000000003,0.999999999999,1.)) 
REPRESENTATION_ITEM('') );
#1373 = CARTESIAN_POINT('',(20.999999387648,-3.021582390214,
    15.10117749264));
#1374 = CARTESIAN_POINT('',(20.999999393623,-2.858197846896,
    14.934459576414));
#1375 = CARTESIAN_POINT('',(20.990749713539,-2.69231440355,
    14.770124426308));
#1376 = CARTESIAN_POINT('',(20.972956652087,-2.523963639493,
    14.608205938639));
#1377 = CARTESIAN_POINT('',(20.947256932805,-2.353174943608,
    14.44873654572));
#1378 = CARTESIAN_POINT('',(20.914224198451,-2.179976117354,
    14.29174761668));
#1379 = CARTESIAN_POINT('',(20.874375511483,-2.004393978678,
    14.137269858305));
#1380 = CARTESIAN_POINT('',(20.828177854314,-1.826454964249,
    13.985333715749));
#1381 = CARTESIAN_POINT('',(20.776054629945,-1.646185734295,
    13.835969773563));
#1382 = CARTESIAN_POINT('',(20.718392162077,-1.463613774032,
    13.689209156192));
#1383 = CARTESIAN_POINT('',(20.655546195823,-1.278767998883,
    13.545083929157));
#1384 = CARTESIAN_POINT('',(20.587848397839,-1.091679356105,
    13.403627499526));
#1385 = CARTESIAN_POINT('',(20.51561285693,-0.902381429317,
    13.26487501699));
#1386 = CARTESIAN_POINT('',(20.439142584328,-0.710911041043,
    13.128863774516));
#1387 = CARTESIAN_POINT('',(20.310177259829,-0.400389543677,
    12.915173880009));
#1388 = CARTESIAN_POINT('',(20.26538671525,-0.192500553422,
    12.773718611039));
#1389 = CARTESIAN_POINT('',(20.208067000698,-0.149352595047,
    12.750745416718));
#1390 = CARTESIAN_POINT('',(20.164679311395,0.106728363273,
    12.57719789176));
#1391 = CARTESIAN_POINT('',(20.103498111313,0.149698991159,
    12.561143757173));
#1392 = CARTESIAN_POINT('',(20.052944149427,0.334151178303,
    12.44134384544));
#1393 = CARTESIAN_POINT('',(19.997726287943,0.480548964724,
    12.353387065557));
#1394 = CARTESIAN_POINT('',(19.937436501748,0.573487067861,
    12.305844292649));
#1395 = CARTESIAN_POINT('',(19.883496134024,0.752183773355,
    12.19550165334));
#1396 = CARTESIAN_POINT('',(19.822470382911,0.857527832623,
    12.142578646363));
#1397 = CARTESIAN_POINT('',(19.764128190397,1.001440124169,
    12.061314136553));
#1398 = CARTESIAN_POINT('',(19.703765330875,1.129665029605,
    11.993617227868));
#1399 = CARTESIAN_POINT('',(19.643038747516,1.260337356791,
    11.925292617108));
#1400 = CARTESIAN_POINT('',(19.450529738359,1.666106201557,
    11.718122573073));
#1401 = CARTESIAN_POINT('',(19.316617893357,1.938308731113,
    11.585976631998));
#1402 = CARTESIAN_POINT('',(19.180361057462,2.206769024339,
    11.46204434438));
#1403 = CARTESIAN_POINT('',(19.042121872089,2.471886652472,
    11.34567030204));
#1404 = CARTESIAN_POINT('',(18.902198558621,2.734012428585,
    11.236292352178));
#1405 = CARTESIAN_POINT('',(18.760832980792,2.993453653145,
    11.133431439889));
#1406 = CARTESIAN_POINT('',(18.618218706918,3.250479359688,
    11.03668145067));
#1407 = CARTESIAN_POINT('',(18.4745090723,3.505325560447,10.945699052911
    ));
#1408 = CARTESIAN_POINT('',(18.329825241468,3.758200491897,
    10.860193540443));
#1409 = CARTESIAN_POINT('',(18.184264270542,4.009289860523,
    10.779916674992));
#1410 = CARTESIAN_POINT('',(18.037907169531,4.25876208827,
    10.704652528742));
#1411 = CARTESIAN_POINT('',(17.890826964648,4.506773558332,
    10.634207326797));
#1412 = CARTESIAN_POINT('',(17.743096760631,4.75347386065,
    10.568399289723));
#1413 = CARTESIAN_POINT('',(17.503805892196,5.149665481079,
    10.469405407857));
#1414 = CARTESIAN_POINT('',(17.412595096968,5.299879436127,
    10.433445643187));
#1415 = CARTESIAN_POINT('',(17.32118021064,5.449678754687,
    10.399136518031));
#1416 = CARTESIAN_POINT('',(17.229575306292,5.59908849508,
    10.366447272552));
#1417 = CARTESIAN_POINT('',(17.137793736772,5.748132922374,
    10.335349051027));
#1418 = CARTESIAN_POINT('',(17.045848134784,5.896835507662,
    10.305814901922));
#1419 = CARTESIAN_POINT('',(16.953750412742,6.045218929277,
    10.277819777774));
#1420 = CARTESIAN_POINT('',(16.861511762975,6.193305071078,
    10.25134053535));
#1421 = CARTESIAN_POINT('',(16.769142657487,6.341115024497,
    10.226355935466));
#1422 = CARTESIAN_POINT('',(16.676652848191,6.488669086457,
    10.202846643161));
#1423 = CARTESIAN_POINT('',(16.584051366716,6.635986761178,
    10.180795227555));
#1424 = CARTESIAN_POINT('',(16.491346524544,6.783086758847,
    10.160186161947));
#1425 = CARTESIAN_POINT('',(16.398545912926,6.92998699644,10.14100582376
    ));
#1426 = CARTESIAN_POINT('',(16.259211647927,7.150063397737,
    10.114360829965));
#1427 = CARTESIAN_POINT('',(16.212745217636,7.223376775535,
    10.105832255425));
#1428 = CARTESIAN_POINT('',(16.16625805298,7.296646735039,
    10.097655610883));
#1429 = CARTESIAN_POINT('',(16.119751094877,7.369875280561,
    10.08982973627));
#1430 = CARTESIAN_POINT('',(16.073225284255,7.443064416496,
    10.08235347153));
#1431 = CARTESIAN_POINT('',(16.026681562036,7.516216147063,
    10.075225656588));
#1432 = CARTESIAN_POINT('',(15.980120869135,7.589332476781,
    10.068445131393));
#1433 = CARTESIAN_POINT('',(15.933544146496,7.662415409743,
    10.062010735872));
#1434 = CARTESIAN_POINT('',(15.886952335009,7.73546695055,
    10.055921309965));
#1435 = CARTESIAN_POINT('',(15.840346375635,7.808489103295,
    10.05017569361));
#1436 = CARTESIAN_POINT('',(15.793727209263,7.881483872497,
    10.044772726739));
#1437 = CARTESIAN_POINT('',(15.74709577684,7.954453262375,
    10.039711249291));
#1438 = CARTESIAN_POINT('',(15.700453019277,8.027399277325,
    10.034990101202));
#1439 = CARTESIAN_POINT('',(15.617852840273,8.156513597308,
    10.027231733407));
#1440 = CARTESIAN_POINT('',(15.581899497859,8.212690611025,
    10.024056931347));
#1441 = CARTESIAN_POINT('',(15.545940238652,8.268855810891,
    10.021083511806));
#1442 = CARTESIAN_POINT('',(15.509975451041,8.325010045103,
    10.018311270354));
#1443 = CARTESIAN_POINT('',(15.474005523423,8.381154161598,
    10.015740002571));
#1444 = CARTESIAN_POINT('',(15.438030844187,8.437289008802,
    10.013369504026));
#1445 = CARTESIAN_POINT('',(15.402051801725,8.493415434379,
    10.011199570294));
#1446 = CARTESIAN_POINT('',(15.366068784436,8.549534286985,
    10.009229996956));
#1447 = CARTESIAN_POINT('',(15.3300821807,8.605646414191,10.00746057957)
  );
#1448 = CARTESIAN_POINT('',(15.294092378925,8.661752664568,
    10.005891113731));
#1449 = CARTESIAN_POINT('',(15.258099767488,8.717853885911,
    10.004521394995));
#1450 = CARTESIAN_POINT('',(15.222104734793,8.773950926517,
    10.003351218948));
#1451 = CARTESIAN_POINT('',(15.186107669226,8.830044634418,
    10.002380381158));
#1452 = CARTESIAN_POINT('',(15.144748212051,8.894488681072,
    10.001493758924));
#1453 = CARTESIAN_POINT('',(15.139387429951,8.902841445799,
    10.001383262395));
#1454 = CARTESIAN_POINT('',(15.134026614592,8.911194153974,
    10.001277187437));
#1455 = CARTESIAN_POINT('',(15.128665767657,8.919546807742,
    10.001175533867));
#1456 = CARTESIAN_POINT('',(15.12330489089,8.927899408977,
    10.001078301515));
#1457 = CARTESIAN_POINT('',(15.117943985923,8.936251960077,
    10.000985490184));
#1458 = CARTESIAN_POINT('',(15.112583054561,8.944604462623,
    10.000897099722));
#1459 = CARTESIAN_POINT('',(15.107222098384,8.952956919245,
    10.000813129918));
#1460 = CARTESIAN_POINT('',(15.101861119216,8.961309331451,
    10.000733580621));
#1461 = CARTESIAN_POINT('',(15.096500118662,8.969661701753,
    10.000658451633));
#1462 = CARTESIAN_POINT('',(15.091139098489,8.978014031912,
    10.000587742783));
#1463 = CARTESIAN_POINT('',(15.085778060366,8.986366324155,
    10.000521453891));
#1464 = CARTESIAN_POINT('',(15.08041700601,8.994718580475,
    10.000459584776));
#1465 = CARTESIAN_POINT('',(15.072375402675,9.007246914194,
    10.000373410502));
#1466 = CARTESIAN_POINT('',(15.069694864671,9.011423016815,
    10.000345790663));
#1467 = CARTESIAN_POINT('',(15.067014323263,9.015599111148,
    10.000319275735));
#1468 = CARTESIAN_POINT('',(15.064333778585,9.019775197624,
    10.000293865695));
#1469 = CARTESIAN_POINT('',(15.061653230822,9.023951276432,
    10.000269560552));
#1470 = CARTESIAN_POINT('',(15.058972680061,9.028127348215,
    10.000246360256));
#1471 = CARTESIAN_POINT('',(15.056292126539,9.032303412924,
    10.000224264851));
#1472 = CARTESIAN_POINT('',(15.053611570303,9.036479471387,
    10.000203274255));
#1473 = CARTESIAN_POINT('',(15.050931011603,9.040655523497,
    10.000183388528));
#1474 = CARTESIAN_POINT('',(15.048250450507,9.044831569988,
    10.000164607595));
#1475 = CARTESIAN_POINT('',(15.045569887219,9.049007610959,
    10.000146931488));
#1476 = CARTESIAN_POINT('',(15.042889321858,9.053183646907,
    10.00013036017));
#1477 = CARTESIAN_POINT('',(15.040208754587,9.057359678126,
    10.000114893639));
#1478 = CARTESIAN_POINT('',(15.036187901034,9.063623718422,10.000093351)
  );
#1479 = CARTESIAN_POINT('',(15.034847616057,9.065711730794,
    10.000086446312));
#1480 = CARTESIAN_POINT('',(15.033507330656,9.067799742135,
    10.000079817831));
#1481 = CARTESIAN_POINT('',(15.032167044789,9.069887752567,
    10.000073465506));
#1482 = CARTESIAN_POINT('',(15.030826758595,9.071975761993,
    10.000067389447));
#1483 = CARTESIAN_POINT('',(15.029486471875,9.074063770716,
    10.000061589462));
#1484 = CARTESIAN_POINT('',(15.028146184948,9.076151778452,
    10.000056065821));
#1485 = CARTESIAN_POINT('',(15.026805897471,9.078239785627,
    10.000050818203));
#1486 = CARTESIAN_POINT('',(15.025465609814,9.080327791947,
    10.000045846926));
#1487 = CARTESIAN_POINT('',(15.024125321695,9.082415797734,
    10.000041151722));
#1488 = CARTESIAN_POINT('',(15.022785033339,9.084503802865,
    10.000036732778));
#1489 = CARTESIAN_POINT('',(15.021444744639,9.086591807488,
    10.000032589984));
#1490 = CARTESIAN_POINT('',(15.020104455667,9.088679811614,
    10.00002872339));
#1491 = CARTESIAN_POINT('',(15.018094021794,9.091811817156,
    10.000023337772));
#1492 = CARTESIAN_POINT('',(15.017423877102,9.092855818896,
    10.000021611612));
#1493 = CARTESIAN_POINT('',(15.016753732343,9.09389982053,
    10.000019954501));
#1494 = CARTESIAN_POINT('',(15.016083587519,9.094943822087,
    10.00001836643));
#1495 = CARTESIAN_POINT('',(15.015413442637,9.095987823521,
    10.000016847419));
#1496 = CARTESIAN_POINT('',(15.014743297683,9.097031824936,
    10.000015397429));
#1497 = CARTESIAN_POINT('',(15.014073152687,9.098075826194,
    10.000014016521));
#1498 = CARTESIAN_POINT('',(15.013403007612,9.099119827481,
    10.000012704618));
#1499 = CARTESIAN_POINT('',(15.012732862505,9.10016382862,
    10.000011461801));
#1500 = CARTESIAN_POINT('',(15.012062717324,9.101207829776,
    10.000010287998));
#1501 = CARTESIAN_POINT('',(15.011392572105,9.102251830844,
    10.000009183262));
#1502 = CARTESIAN_POINT('',(15.010722426828,9.103295831895,
    10.000008147561));
#1503 = CARTESIAN_POINT('',(15.010052281506,9.104339832908,
    10.00000718091));
#1504 = CARTESIAN_POINT('',(15.008711990768,9.106427834888,
    10.000005385698));
#1505 = CARTESIAN_POINT('',(15.008258949306,9.107563036603,
    10.000004557146));
#1506 = CARTESIAN_POINT('',(15.005699946478,9.107813568775,
    10.000003797581));
#1507 = CARTESIAN_POINT('',(15.013287500037,9.112326453355,
    10.000003107324));
#1508 = CARTESIAN_POINT('',(14.989095333325,9.103489353764,
    10.000002485317));
#1509 = CARTESIAN_POINT('',(15.03641253739,9.124691819123,
    10.000001934114));
#1510 = CARTESIAN_POINT('',(14.962423730055,9.094936210496,
    10.000001449009));
#1511 = CARTESIAN_POINT('',(15.04750032305,9.132000591729,
    10.000001036786));
#1512 = CARTESIAN_POINT('',(14.969466096087,9.100545588461,
    10.000000689696));
#1513 = CARTESIAN_POINT('',(15.022450899726,9.12412889198,
    10.000000414783));
#1514 = CARTESIAN_POINT('',(14.993643301577,9.113352948067,
    10.000000206967));
#1515 = CARTESIAN_POINT('',(15.003732689819,9.118916800486,
    10.000000069121));
#1516 = CARTESIAN_POINT('',(15.000292488532,9.118797160323,10.));
#1517 = CARTESIAN_POINT('',(15.000000231407,9.119999768287,10.));
#1518 = PCURVE('',#453,#1519);
#1519 = DEFINITIONAL_REPRESENTATION('',(#1520),#1699);
#1520 = B_SPLINE_CURVE_WITH_KNOTS('',9,(#1521,#1522,#1523,#1524,#1525,
    #1526,#1527,#1528,#1529,#1530,#1531,#1532,#1533,#1534,#1535,#1536,
    #1537,#1538,#1539,#1540,#1541,#1542,#1543,#1544,#1545,#1546,#1547,
    #1548,#1549,#1550,#1551,#1552,#1553,#1554,#1555,#1556,#1557,#1558,
    #1559,#1560,#1561,#1562,#1563,#1564,#1565,#1566,#1567,#1568,#1569,
    #1570,#1571,#1572,#1573,#1574,#1575,#1576,#1577,#1578,#1579,#1580,
    #1581,#1582,#1583,#1584,#1585,#1586,#1587,#1588,#1589,#1590,#1591,
    #1592,#1593,#1594,#1595,#1596,#1597,#1598,#1599,#1600,#1601,#1602,
    #1603,#1604,#1605,#1606,#1607,#1608,#1609,#1610,#1611,#1612,#1613,
    #1614,#1615,#1616,#1617,#1618,#1619,#1620,#1621,#1622,#1623,#1624,
    #1625,#1626,#1627,#1628,#1629,#1630,#1631,#1632,#1633,#1634,#1635,
    #1636,#1637,#1638,#1639,#1640,#1641,#1642,#1643,#1644,#1645,#1646,
    #1647,#1648,#1649,#1650,#1651,#1652,#1653,#1654,#1655,#1656,#1657,
    #1658,#1659,#1660,#1661,#1662,#1663,#1664,#1665,#1666,#1667,#1668,
    #1669,#1670,#1671,#1672,#1673,#1674,#1675,#1676,#1677,#1678,#1679,
    #1680,#1681,#1682,#1683,#1684,#1685,#1686,#1687,#1688,#1689,#1690,
    #1691,#1692,#1693,#1694,#1695,#1696,#1697,#1698),.UNSPECIFIED.,.F.,
  .F.,(10,8,8,8,8,8,8,8,8,8,8,8,8,8,8,8,8,8,8,8,8,8,10),(33.891233212438
    ,35.679854523335,36.574165178784,37.021320506509,37.077214922474,
    37.13310933844,37.244898170371,37.468475834233,38.362786489682,
    38.809941817406,39.257097145131,41.045718456029,44.622961077824,
    46.411582388722,47.305893044171,47.753048371895,47.976626035757,
    48.088414867688,48.144309283654,48.172256491637,48.186230095628,
    48.193216897624,48.20020369962),.UNSPECIFIED.);
#1521 = CARTESIAN_POINT('',(-0.795495814956,2.999999387647));
#1522 = CARTESIAN_POINT('',(-0.783541132359,2.999999392849));
#1523 = CARTESIAN_POINT('',(-0.771584308684,2.992685181365));
#1524 = CARTESIAN_POINT('',(-0.759624838527,2.978576334122));
#1525 = CARTESIAN_POINT('',(-0.74766218194,2.958152371485));
#1526 = CARTESIAN_POINT('',(-0.735695764425,2.931852753251));
#1527 = CARTESIAN_POINT('',(-0.723724976939,2.900076878658));
#1528 = CARTESIAN_POINT('',(-0.711749175891,2.863184086377));
#1529 = CARTESIAN_POINT('',(-0.699767683145,2.821493654516));
#1530 = CARTESIAN_POINT('',(-0.681785837451,2.752180373673));
#1531 = CARTESIAN_POINT('',(-0.675790305143,2.727949132686));
#1532 = CARTESIAN_POINT('',(-0.669793109851,2.702627574514));
#1533 = CARTESIAN_POINT('',(-0.66379417857,2.676251021724));
#1534 = CARTESIAN_POINT('',(-0.657793444523,2.648853622588));
#1535 = CARTESIAN_POINT('',(-0.651790847167,2.620468351091));
#1536 = CARTESIAN_POINT('',(-0.645786332189,2.591127006922));
#1537 = CARTESIAN_POINT('',(-0.639779851509,2.560860215485));
#1538 = CARTESIAN_POINT('',(-0.630767119162,2.51411603409));
#1539 = CARTESIAN_POINT('',(-0.627762371386,2.498310839744));
#1540 = CARTESIAN_POINT('',(-0.624757116982,2.482285480529));
#1541 = CARTESIAN_POINT('',(-0.621751352983,2.466043592127));
#1542 = CARTESIAN_POINT('',(-0.61874507642,2.449588810217));
#1543 = CARTESIAN_POINT('',(-0.615738284329,2.432924770481));
#1544 = CARTESIAN_POINT('',(-0.612730973741,2.416055108597));
#1545 = CARTESIAN_POINT('',(-0.609723141688,2.398983460247));
#1546 = CARTESIAN_POINT('',(-0.606338740644,2.379554711219));
#1547 = CARTESIAN_POINT('',(-0.605962687926,2.377392860523));
#1548 = CARTESIAN_POINT('',(-0.605586627048,2.375227915958));
#1549 = CARTESIAN_POINT('',(-0.605210558011,2.373059884458));
#1550 = CARTESIAN_POINT('',(-0.604834480812,2.370888772958));
#1551 = CARTESIAN_POINT('',(-0.604458395451,2.368714588392));
#1552 = CARTESIAN_POINT('',(-0.604082301926,2.366537337696));
#1553 = CARTESIAN_POINT('',(-0.603706200236,2.364357027803));
#1554 = CARTESIAN_POINT('',(-0.602953980523,2.359990303494));
#1555 = CARTESIAN_POINT('',(-0.602571864223,2.35780872342));
#1556 = CARTESIAN_POINT('',(-0.602235558633,2.355587108055));
#1557 = CARTESIAN_POINT('',(-0.601767951026,2.353468698346));
#1558 = CARTESIAN_POINT('',(-0.6014210921,2.351248957766));
#1559 = CARTESIAN_POINT('',(-0.600969810803,2.349110608648));
#1560 = CARTESIAN_POINT('',(-0.60055736952,2.346937185213));
#1561 = CARTESIAN_POINT('',(-0.600124496224,2.344776828582));
#1562 = CARTESIAN_POINT('',(-0.598815166197,2.338293714716));
#1563 = CARTESIAN_POINT('',(-0.597920813078,2.333974673773));
#1564 = CARTESIAN_POINT('',(-0.597011446382,2.329653324919));
#1565 = CARTESIAN_POINT('',(-0.596092419989,2.32532529279));
#1566 = CARTESIAN_POINT('',(-0.595167988795,2.320987169533));
#1567 = CARTESIAN_POINT('',(-0.594241308717,2.316636514811));
#1568 = CARTESIAN_POINT('',(-0.593314436691,2.312271855798));
#1569 = CARTESIAN_POINT('',(-0.592388330673,2.307892687183));
#1570 = CARTESIAN_POINT('',(-0.589611887569,2.294713039136));
#1571 = CARTESIAN_POINT('',(-0.587766460767,2.285867620431));
#1572 = CARTESIAN_POINT('',(-0.585930681134,2.276961996574));
#1573 = CARTESIAN_POINT('',(-0.584105745711,2.267996950477));
#1574 = CARTESIAN_POINT('',(-0.582290888394,2.258974548624));
#1575 = CARTESIAN_POINT('',(-0.580484331659,2.24989742328));
#1576 = CARTESIAN_POINT('',(-0.578684238279,2.240768054671));
#1577 = CARTESIAN_POINT('',(-0.576889663044,2.231588053189));
#1578 = CARTESIAN_POINT('',(-0.567948870229,2.185434995154));
#1579 = CARTESIAN_POINT('',(-0.560886123915,2.147714726911));
#1580 = CARTESIAN_POINT('',(-0.55391921263,2.109235507383));
#1581 = CARTESIAN_POINT('',(-0.54703333032,2.070078536453));
#1582 = CARTESIAN_POINT('',(-0.540223427505,2.030298762495));
#1583 = CARTESIAN_POINT('',(-0.533493108804,1.989927102524));
#1584 = CARTESIAN_POINT('',(-0.526841457644,1.948999842897));
#1585 = CARTESIAN_POINT('',(-0.520257327585,1.907571600209));
#1586 = CARTESIAN_POINT('',(-0.510482295625,1.844716532767));
#1587 = CARTESIAN_POINT('',(-0.507241277494,1.82364573562));
#1588 = CARTESIAN_POINT('',(-0.50401699738,1.802460312031));
#1589 = CARTESIAN_POINT('',(-0.500808942052,1.781164478806));
#1590 = CARTESIAN_POINT('',(-0.497616672882,1.759762187996));
#1591 = CARTESIAN_POINT('',(-0.494439825855,1.738257126901));
#1592 = CARTESIAN_POINT('',(-0.491278111557,1.716652718071));
#1593 = CARTESIAN_POINT('',(-0.488131315187,1.694952119299));
#1594 = CARTESIAN_POINT('',(-0.481867277905,1.65136432796));
#1595 = CARTESIAN_POINT('',(-0.478751560594,1.629475684463));
#1596 = CARTESIAN_POINT('',(-0.475648640735,1.60749815851));
#1597 = CARTESIAN_POINT('',(-0.472558758788,1.58543461814));
#1598 = CARTESIAN_POINT('',(-0.469482971892,1.563287137081));
#1599 = CARTESIAN_POINT('',(-0.466421510805,1.541058200762));
#1600 = CARTESIAN_POINT('',(-0.463373421467,1.518750915357));
#1601 = CARTESIAN_POINT('',(-0.460337491163,1.496368219823));
#1602 = CARTESIAN_POINT('',(-0.445222331876,1.384082625485));
#1603 = CARTESIAN_POINT('',(-0.433332140295,1.293072288073));
#1604 = CARTESIAN_POINT('',(-0.421627659209,1.201012017714));
#1605 = CARTESIAN_POINT('',(-0.410093991385,1.108019684094));
#1606 = CARTESIAN_POINT('',(-0.398717567707,1.014199097592));
#1607 = CARTESIAN_POINT('',(-0.387486147178,0.919640009275));
#1608 = CARTESIAN_POINT('',(-0.376388816918,0.824418110901));
#1609 = CARTESIAN_POINT('',(-0.365415992169,0.728595034919));
#1610 = CARTESIAN_POINT('',(-0.33284626453,0.43946499357));
#1611 = CARTESIAN_POINT('',(-0.311597057414,0.244508719393));
#1612 = CARTESIAN_POINT('',(-0.290740013164,4.778976869023E-02));
#1613 = CARTESIAN_POINT('',(-0.27022448846,-0.150463236647));
#1614 = CARTESIAN_POINT('',(-0.249999663822,-0.350023891556));
#1615 = CARTESIAN_POINT('',(-0.230018211459,-0.550661373604));
#1616 = CARTESIAN_POINT('',(-0.210246920365,-0.752208908667));
#1617 = CARTESIAN_POINT('',(-0.190666253409,-0.954579672567));
#1618 = CARTESIAN_POINT('',(-0.161528090082,-1.25911386081));
#1619 = CARTESIAN_POINT('',(-0.151854554733,-1.360789983801));
#1620 = CARTESIAN_POINT('',(-0.142216771187,-1.462616804928));
#1621 = CARTESIAN_POINT('',(-0.132611443761,-1.564580755709));
#1622 = CARTESIAN_POINT('',(-0.123035415048,-1.666668727955));
#1623 = CARTESIAN_POINT('',(-0.113485665912,-1.768868073775));
#1624 = CARTESIAN_POINT('',(-0.103959315495,-1.871166605566));
#1625 = CARTESIAN_POINT('',(-9.445362121081E-02,-1.973552596022));
#1626 = CARTESIAN_POINT('',(-8.022215751497E-02,-2.127245869184));
#1627 = CARTESIAN_POINT('',(-7.548281854729E-02,-2.17849576904));
#1628 = CARTESIAN_POINT('',(-7.074762675141E-02,-2.229763163274));
#1629 = CARTESIAN_POINT('',(-6.601624703488E-02,-2.281046737464));
#1630 = CARTESIAN_POINT('',(-6.128834430521E-02,-2.332345177187));
#1631 = CARTESIAN_POINT('',(-5.656358346997E-02,-2.38365716802));
#1632 = CARTESIAN_POINT('',(-5.184162943667E-02,-2.434981395539));
#1633 = CARTESIAN_POINT('',(-4.712214711285E-02,-2.486316545323));
#1634 = CARTESIAN_POINT('',(-4.004612855265E-02,-2.563333681761));
#1635 = CARTESIAN_POINT('',(-3.768801007151E-02,-2.589008329699));
#1636 = CARTESIAN_POINT('',(-3.533040243936E-02,-2.614685122421));
#1637 = CARTESIAN_POINT('',(-3.2973262133E-02,-2.64036393559));
#1638 = CARTESIAN_POINT('',(-3.061654562912E-02,-2.66604464486));
#1639 = CARTESIAN_POINT('',(-2.826020940453E-02,-2.691727125897));
#1640 = CARTESIAN_POINT('',(-2.590420993594E-02,-2.717411254354));
#1641 = CARTESIAN_POINT('',(-2.354850370012E-02,-2.743096905894));
#1642 = CARTESIAN_POINT('',(-2.001531891066E-02,-2.781627481318));
#1643 = CARTESIAN_POINT('',(-1.883764261112E-02,-2.794471467713));
#1644 = CARTESIAN_POINT('',(-1.766001533453E-02,-2.807315873961));
#1645 = CARTESIAN_POINT('',(-1.648243414028E-02,-2.820160658666));
#1646 = CARTESIAN_POINT('',(-1.530489608771E-02,-2.833005780423));
#1647 = CARTESIAN_POINT('',(-1.412739823619E-02,-2.845851197837));
#1648 = CARTESIAN_POINT('',(-1.294993764506E-02,-2.858696869504));
#1649 = CARTESIAN_POINT('',(-1.17725113737E-02,-2.871542754028));
#1650 = CARTESIAN_POINT('',(-1.000641903535E-02,-2.890811837995));
#1651 = CARTESIAN_POINT('',(-9.417731434034E-03,-2.89723488738));
#1652 = CARTESIAN_POINT('',(-8.829053870245E-03,-2.903657946875));
#1653 = CARTESIAN_POINT('',(-8.240386536713E-03,-2.910081005196));
#1654 = CARTESIAN_POINT('',(-7.651729626158E-03,-2.916504051056));
#1655 = CARTESIAN_POINT('',(-7.063083331316E-03,-2.92292707317));
#1656 = CARTESIAN_POINT('',(-6.474447844905E-03,-2.929350060253));
#1657 = CARTESIAN_POINT('',(-5.885823359657E-03,-2.935773001018));
#1658 = CARTESIAN_POINT('',(-5.002903422616E-03,-2.945407325762));
#1659 = CARTESIAN_POINT('',(-4.708599559332E-03,-2.948618753141));
#1660 = CARTESIAN_POINT('',(-4.41429848914E-03,-2.951830165041));
#1661 = CARTESIAN_POINT('',(-4.120000222736E-03,-2.955041560189));
#1662 = CARTESIAN_POINT('',(-3.825704770814E-03,-2.95825293731));
#1663 = CARTESIAN_POINT('',(-3.531412144071E-03,-2.961464295129));
#1664 = CARTESIAN_POINT('',(-3.237122353202E-03,-2.964675632371));
#1665 = CARTESIAN_POINT('',(-2.942835408901E-03,-2.967886947761));
#1666 = CARTESIAN_POINT('',(-2.501409278347E-03,-2.972703886156));
#1667 = CARTESIAN_POINT('',(-2.35426794727E-03,-2.974309526521));
#1668 = CARTESIAN_POINT('',(-2.20712732931E-03,-2.975915160965));
#1669 = CARTESIAN_POINT('',(-2.059987425138E-03,-2.977520789329));
#1670 = CARTESIAN_POINT('',(-1.912848235434E-03,-2.979126411463));
#1671 = CARTESIAN_POINT('',(-1.765709760867E-03,-2.980732027204));
#1672 = CARTESIAN_POINT('',(-1.618572002115E-03,-2.982337636404));
#1673 = CARTESIAN_POINT('',(-1.471434959851E-03,-2.983943238903));
#1674 = CARTESIAN_POINT('',(-1.250730472201E-03,-2.986351632369));
#1675 = CARTESIAN_POINT('',(-1.177121775429E-03,-2.987152780862));
#1676 = CARTESIAN_POINT('',(-1.103562563749E-03,-2.987955922963));
#1677 = CARTESIAN_POINT('',(-1.030047380321E-03,-2.988760837815));
#1678 = CARTESIAN_POINT('',(-9.5652261799E-04,-2.989565355997));
#1679 = CARTESIAN_POINT('',(-8.829338451061E-04,-2.990367274706));
#1680 = CARTESIAN_POINT('',(-8.092731313633E-04,-2.991166273001));
#1681 = CARTESIAN_POINT('',(-7.356263736207E-04,-2.991965826983));
#1682 = CARTESIAN_POINT('',(-6.255177457954E-04,-2.993179774049));
#1683 = CARTESIAN_POINT('',(-5.887462086231E-04,-2.993581642169));
#1684 = CARTESIAN_POINT('',(-5.51926085511E-04,-2.993981541805));
#1685 = CARTESIAN_POINT('',(-5.150774517486E-04,-2.99438028537));
#1686 = CARTESIAN_POINT('',(-4.782203826274E-04,-2.994778685286));
#1687 = CARTESIAN_POINT('',(-4.413749534365E-04,-2.995177553964));
#1688 = CARTESIAN_POINT('',(-4.045612394673E-04,-2.995577703826));
#1689 = CARTESIAN_POINT('',(-3.677993160096E-04,-2.995979947284));
#1690 = CARTESIAN_POINT('',(-2.944192006981E-04,-2.99679024623));
#1691 = CARTESIAN_POINT('',(-2.557553424012E-04,-2.997115516441));
#1692 = CARTESIAN_POINT('',(-2.27956710046E-04,-2.997880484941));
#1693 = CARTESIAN_POINT('',(-1.749647010013E-04,-2.997625910235));
#1694 = CARTESIAN_POINT('',(-1.462795761011E-04,-2.998354998999));
#1695 = CARTESIAN_POINT('',(-1.239759523668E-04,-2.999342335943));
#1696 = CARTESIAN_POINT('',(-5.972606173236E-05,-2.998632163545));
#1697 = CARTESIAN_POINT('',(-4.241886633897E-05,-2.999821694347));
#1698 = CARTESIAN_POINT('',(-1.0244559451E-07,-2.999999134337));
#1699 = ( GEOMETRIC_REPRESENTATION_CONTEXT(2) 
PARAMETRIC_REPRESENTATION_CONTEXT() REPRESENTATION_CONTEXT('2D SPACE',''
  ) );
#1700 = PCURVE('',#1701,#2137);
#1701 = ( BOUNDED_SURFACE() B_SPLINE_SURFACE(2,14,(
    (#1702,#1703,#1704,#1705,#1706,#1707,#1708,#1709,#1710,#1711,#1712
      ,#1713,#1714,#1715,#1716,#1717,#1718,#1719,#1720,#1721,#1722,#1723
      ,#1724,#1725,#1726,#1727,#1728,#1729,#1730,#1731,#1732,#1733,#1734
      ,#1735,#1736,#1737,#1738,#1739,#1740,#1741,#1742,#1743,#1744,#1745
      ,#1746,#1747,#1748,#1749,#1750,#1751,#1752,#1753,#1754,#1755,#1756
      ,#1757,#1758,#1759,#1760,#1761,#1762,#1763,#1764,#1765,#1766,#1767
      ,#1768,#1769,#1770,#1771,#1772,#1773,#1774,#1775,#1776,#1777,#1778
      ,#1779,#1780,#1781,#1782,#1783,#1784,#1785,#1786,#1787,#1788,#1789
      ,#1790,#1791,#1792,#1793,#1794,#1795,#1796,#1797,#1798,#1799,#1800
      ,#1801,#1802,#1803,#1804,#1805,#1806,#1807,#1808,#1809,#1810,#1811
      ,#1812,#1813,#1814,#1815,#1816,#1817,#1818,#1819,#1820,#1821,#1822
      ,#1823,#1824,#1825,#1826,#1827,#1828,#1829,#1830,#1831,#1832,#1833
      ,#1834,#1835,#1836,#1837,#1838,#1839,#1840,#1841,#1842,#1843,#1844
      ,#1845,#1846)
    ,(#1847,#1848,#1849,#1850,#1851,#1852,#1853,#1854,#1855,#1856,#1857
      ,#1858,#1859,#1860,#1861,#1862,#1863,#1864,#1865,#1866,#1867,#1868
      ,#1869,#1870,#1871,#1872,#1873,#1874,#1875,#1876,#1877,#1878,#1879
      ,#1880,#1881,#1882,#1883,#1884,#1885,#1886,#1887,#1888,#1889,#1890
      ,#1891,#1892,#1893,#1894,#1895,#1896,#1897,#1898,#1899,#1900,#1901
      ,#1902,#1903,#1904,#1905,#1906,#1907,#1908,#1909,#1910,#1911,#1912
      ,#1913,#1914,#1915,#1916,#1917,#1918,#1919,#1920,#1921,#1922,#1923
      ,#1924,#1925,#1926,#1927,#1928,#1929,#1930,#1931,#1932,#1933,#1934
      ,#1935,#1936,#1937,#1938,#1939,#1940,#1941,#1942,#1943,#1944,#1945
      ,#1946,#1947,#1948,#1949,#1950,#1951,#1952,#1953,#1954,#1955,#1956
      ,#1957,#1958,#1959,#1960,#1961,#1962,#1963,#1964,#1965,#1966,#1967
      ,#1968,#1969,#1970,#1971,#1972,#1973,#1974,#1975,#1976,#1977,#1978
      ,#1979,#1980,#1981,#1982,#1983,#1984,#1985,#1986,#1987,#1988,#1989
      ,#1990,#1991)
    ,(#1992,#1993,#1994,#1995,#1996,#1997,#1998,#1999,#2000,#2001,#2002
      ,#2003,#2004,#2005,#2006,#2007,#2008,#2009,#2010,#2011,#2012,#2013
      ,#2014,#2015,#2016,#2017,#2018,#2019,#2020,#2021,#2022,#2023,#2024
      ,#2025,#2026,#2027,#2028,#2029,#2030,#2031,#2032,#2033,#2034,#2035
      ,#2036,#2037,#2038,#2039,#2040,#2041,#2042,#2043,#2044,#2045,#2046
      ,#2047,#2048,#2049,#2050,#2051,#2052,#2053,#2054,#2055,#2056,#2057
      ,#2058,#2059,#2060,#2061,#2062,#2063,#2064,#2065,#2066,#2067,#2068
      ,#2069,#2070,#2071,#2072,#2073,#2074,#2075,#2076,#2077,#2078,#2079
      ,#2080,#2081,#2082,#2083,#2084,#2085,#2086,#2087,#2088,#2089,#2090
      ,#2091,#2092,#2093,#2094,#2095,#2096,#2097,#2098,#2099,#2100,#2101
      ,#2102,#2103,#2104,#2105,#2106,#2107,#2108,#2109,#2110,#2111,#2112
      ,#2113,#2114,#2115,#2116,#2117,#2118,#2119,#2120,#2121,#2122,#2123
      ,#2124,#2125,#2126,#2127,#2128,#2129,#2130,#2131,#2132,#2133,#2134
      ,#2135,#2136
)),.UNSPECIFIED.,.F.,.F.,.F.) B_SPLINE_SURFACE_WITH_KNOTS((3,3),(15,13,
    13,13,13,13,13,13,13,13,13,15),(0.,14.308972357116),(33.891233212438
    ,37.086983668504,39.016946120029,43.140284934142,45.670245251848,
    46.935225410701,47.909914083965,48.055059826759,48.127632698157,
    48.163919133855,48.182062351704,48.200205569554),.UNSPECIFIED.) 
GEOMETRIC_REPRESENTATION_ITEM() RATIONAL_B_SPLINE_SURFACE((
    (1.,0.999999999999,1.000000000002,0.999999999994,1.000000000012
      ,0.999999999982,1.000000000022,0.999999999979,1.000000000017
      ,0.999999999988,1.000000000007,0.999999999997,1.000000000001,1.,1.
      ,0.999999999998,1.000000000007,0.999999999985,1.000000000025
      ,0.999999999968,1.000000000035,0.99999999997,1.000000000022
      ,0.999999999988,1.000000000005,0.999999999998,1.,1.,1.
      ,1.000000000001,0.999999999997,1.000000000006,0.999999999992
      ,1.000000000008,0.999999999993,1.000000000005,0.999999999997
      ,1.000000000001,1.,1.,1.,1.,0.999999999999,1.000000000002
      ,0.999999999998,1.000000000001,1.,0.999999999998,1.000000000002
      ,0.999999999998,1.000000000001,0.999999999999,1.,1.,1.000000000002
      ,0.999999999995,1.000000000011,0.999999999981,1.000000000025
      ,0.999999999974,1.000000000023,0.999999999984,1.00000000001
      ,0.999999999996,1.000000000002,1.,1.,0.999999999999,1.000000000004
      ,0.999999999992,1.000000000013,0.999999999983,1.000000000018
      ,0.999999999984,1.000000000012,0.999999999993,1.000000000003
      ,0.999999999999,1.,1.,1.,1.,1.,1.,1.,0.999999999999,1.000000000002
      ,0.999999999998,1.000000000002,0.999999999999,1.,1.,1.
      ,0.999999999999,1.000000000004,0.999999999992,1.000000000012
      ,0.999999999985,1.000000000015,0.999999999987,1.000000000009
      ,0.999999999995,1.000000000002,0.999999999999,1.,1.,0.999999999999
      ,1.000000000002,0.999999999996,1.000000000007,0.999999999991
      ,1.000000000009,0.999999999992,1.000000000006,0.999999999997
      ,1.000000000001,1.,1.,1.,0.999999999999,1.000000000002
      ,0.999999999995,1.000000000009,0.999999999988,1.000000000014
      ,0.999999999987,1.00000000001,0.999999999994,1.000000000003
      ,0.999999999999,1.,0.999999999999,1.000000000003,0.999999999991
      ,1.000000000019,0.999999999969,1.000000000041,0.999999999957
      ,1.000000000038,0.999999999973,1.000000000016,0.999999999993
      ,1.000000000003,0.999999999999,1.)
    ,(0.707106800395,0.717964847162,0.728600697812,0.739032658586
      ,0.749272121194,0.759324543586,0.7691904312,0.778866317432
      ,0.788345745181,0.797620247121,0.80668032727,0.81551644142
      ,0.824119978431,0.832484240959,0.84550993434,0.84897251187
      ,0.854684199068,0.857302648187,0.862710273407,0.866173277389
      ,0.869964101895,0.874395414193,0.877630636995,0.881675171724
      ,0.885168400891,0.888754200923,0.892225386074,0.902891203648
      ,0.909814447669,0.916408767058,0.922686114233,0.928657382184
      ,0.934332479254,0.93972040412,0.94482932046,0.949666632033
      ,0.954239057295,0.958552704459,0.962613146196,0.966425494581
      ,0.972184298638,0.974282474785,0.976289978636,0.978207734624
      ,0.980036617306,0.981777451366,0.983431011635,0.984998023033
      ,0.986479160669,0.987875049711,0.989186265522,0.990413333545
      ,0.991556729382,0.993146953429,0.993656245979,0.994144796128
      ,0.994612643651,0.995059828224,0.995486389706,0.995892367679
      ,0.996277802069,0.996642732447,0.996987198693,0.997311240458
      ,0.997614897538,0.997898209651,0.998363867826,0.998554457227
      ,0.998732991823,0.998899478657,0.999053924839,0.99919633736
      ,0.999326723384,0.999445089861,0.999551443968,0.999645792676
      ,0.999728143115,0.999798502311,0.999856877347,0.999910184629
      ,0.999916828171,0.999923205912,0.999929317861,0.999935164018
      ,0.999940744401,0.999946058996,0.999951107837,0.999955890897
      ,0.999960408216,0.999964659771,0.999968645587,0.999972365661
      ,0.999977547173,0.999979207909,0.999980802216,0.999982330077
      ,0.99998379153,0.999985186514,0.999986515113,0.999987777232
      ,0.999988972961,0.999990102231,0.999991165088,0.999992161507
      ,0.9999930915,0.999994386846,0.999994802021,0.999995200588
      ,0.999995582548,0.999995947902,0.999996296648,0.999996628787
      ,0.999996944319,0.999997243243,0.999997525562,0.999997791272
      ,0.999998040376,0.999998272873,0.999998596709,0.999998700501
      ,0.999998800145,0.99999889563,0.999998986977,0.99999907415
      ,0.999999157201,0.999999236068,0.999999310812,0.999999381383
      ,0.999999447816,0.999999510089,0.999999568215,0.99999967616
      ,0.999999725984,0.99999977164,0.999999813193,0.999999850485
      ,0.999999883824,0.999999912717,0.999999937812,0.999999958411
      ,0.999999975128,0.999999987525,0.999999995853,0.999999999998,1.)
    ,(1.,0.999999999999,1.000000000002,0.999999999994,1.000000000012
      ,0.999999999982,1.000000000022,0.999999999979,1.000000000017
      ,0.999999999988,1.000000000007,0.999999999997,1.000000000001,1.,1.
      ,0.999999999998,1.000000000007,0.999999999985,1.000000000025
      ,0.999999999968,1.000000000035,0.99999999997,1.000000000022
      ,0.999999999988,1.000000000005,0.999999999998,1.,1.,1.
      ,1.000000000001,0.999999999997,1.000000000006,0.999999999992
      ,1.000000000008,0.999999999993,1.000000000005,0.999999999997
      ,1.000000000001,1.,1.,1.,1.,0.999999999999,1.000000000002
      ,0.999999999998,1.000000000001,1.,0.999999999998,1.000000000002
      ,0.999999999998,1.000000000001,0.999999999999,1.,1.,1.000000000002
      ,0.999999999995,1.000000000011,0.999999999981,1.000000000025
      ,0.999999999974,1.000000000023,0.999999999984,1.00000000001
      ,0.999999999996,1.000000000002,1.,1.,0.999999999999,1.000000000004
      ,0.999999999992,1.000000000013,0.999999999983,1.000000000018
      ,0.999999999984,1.000000000012,0.999999999993,1.000000000003
      ,0.999999999999,1.,1.,1.,1.,1.,1.,1.,0.999999999999,1.000000000002
      ,0.999999999998,1.000000000002,0.999999999999,1.,1.,1.
      ,0.999999999999,1.000000000004,0.999999999992,1.000000000012
      ,0.999999999985,1.000000000015,0.999999999987,1.000000000009
      ,0.999999999995,1.000000000002,0.999999999999,1.,1.,0.999999999999
      ,1.000000000002,0.999999999996,1.000000000007,0.999999999991
      ,1.000000000009,0.999999999992,1.000000000006,0.999999999997
      ,1.000000000001,1.,1.,1.,0.999999999999,1.000000000002
      ,0.999999999995,1.000000000009,0.999999999988,1.000000000014
      ,0.999999999987,1.00000000001,0.999999999994,1.000000000003
      ,0.999999999999,1.,0.999999999999,1.000000000003,0.999999999991
      ,1.000000000019,0.999999999969,1.000000000041,0.999999999957
      ,1.000000000038,0.999999999973,1.000000000016,0.999999999993
,1.000000000003,0.999999999999,1.
  ))) REPRESENTATION_ITEM('') SURFACE() );
#1702 = CARTESIAN_POINT('',(17.99999999999,-5.162856739887,
    13.000000000001));
#1703 = CARTESIAN_POINT('',(17.99999999999,-4.904831404685,
    12.868380913643));
#1704 = CARTESIAN_POINT('',(17.993782992975,-4.646070754038,
    12.741282882261));
#1705 = CARTESIAN_POINT('',(17.982039043971,-4.386614808222,
    12.61875210951));
#1706 = CARTESIAN_POINT('',(17.965392684731,-4.126540354787,
    12.500789853237));
#1707 = CARTESIAN_POINT('',(17.944406431556,-3.865955086367,
    12.387357649223));
#1708 = CARTESIAN_POINT('',(17.919584303053,-3.604991738776,
    12.278382534945));
#1709 = CARTESIAN_POINT('',(17.891375337994,-3.343802228406,
    12.173762273233));
#1710 = CARTESIAN_POINT('',(17.860177113038,-3.082551790914,
    12.073370576175));
#1711 = CARTESIAN_POINT('',(17.826339260613,-2.821413118006,
    11.977062328617));
#1712 = CARTESIAN_POINT('',(17.790166986635,-2.560560496525,
    11.884678812176));
#1713 = CARTESIAN_POINT('',(17.75192458837,-2.300163945216,
    11.796052928724));
#1714 = CARTESIAN_POINT('',(17.711838972191,-2.040383353457,
    11.711014424326));
#1715 = CARTESIAN_POINT('',(17.670103171397,-1.781362618597,
    11.629395112852));
#1716 = CARTESIAN_POINT('',(17.6007766493,-1.367329804056,
    11.503710688594));
#1717 = CARTESIAN_POINT('',(17.573387089024,-1.23395393804,
    11.456232615881));
#1718 = CARTESIAN_POINT('',(17.547197134942,-1.065890645787,
    11.413139681381));
#1719 = CARTESIAN_POINT('',(17.518401387253,-0.942825703636,
    11.36697726892));
#1720 = CARTESIAN_POINT('',(17.491573589399,-0.780788242993,
    11.326679340521));
#1721 = CARTESIAN_POINT('',(17.462793445963,-0.643632582157,
    11.284157940975));
#1722 = CARTESIAN_POINT('',(17.434166436105,-0.503401606654,
    11.243792839724));
#1723 = CARTESIAN_POINT('',(17.405827815283,-0.353745162627,
    11.20562926576));
#1724 = CARTESIAN_POINT('',(17.376223816577,-0.218926017436,
    11.166398909086));
#1725 = CARTESIAN_POINT('',(17.347199471354,-7.428039072688E-02,
    11.129964550907));
#1726 = CARTESIAN_POINT('',(17.317476323783,6.43592929596E-02,
    11.093468757966));
#1727 = CARTESIAN_POINT('',(17.287694274782,0.204172773833,
    11.058276756033));
#1728 = CARTESIAN_POINT('',(17.257655598281,0.342974672305,
    11.023885338639));
#1729 = CARTESIAN_POINT('',(17.162805851287,0.77661193387,10.91875680198
    ));
#1730 = CARTESIAN_POINT('',(17.09726111225,1.069304181531,
    10.851081034652));
#1731 = CARTESIAN_POINT('',(17.030872930566,1.359610321194,10.7870789624
    ));
#1732 = CARTESIAN_POINT('',(16.963723028318,1.647792362813,
    10.726524100884));
#1733 = CARTESIAN_POINT('',(16.895883485537,1.93407576771,
    10.669221189737));
#1734 = CARTESIAN_POINT('',(16.82741768859,2.218654057832,10.61500275658
    ));
#1735 = CARTESIAN_POINT('',(16.758381278748,2.501693425426,
    10.56372568123));
#1736 = CARTESIAN_POINT('',(16.68882310044,2.783337342212,
    10.515267759567));
#1737 = CARTESIAN_POINT('',(16.618786149963,3.063711169073,
    10.469524267883));
#1738 = CARTESIAN_POINT('',(16.548308523645,3.342926765284,
    10.426404526665));
#1739 = CARTESIAN_POINT('',(16.477424366554,3.6210870981,10.385828464941
    ));
#1740 = CARTESIAN_POINT('',(16.406164820746,3.898290852103,
    10.347723184151));
#1741 = CARTESIAN_POINT('',(16.334558973847,4.174637038682,
    10.312019522355));
#1742 = CARTESIAN_POINT('',(16.218504238698,4.619325158654,
    10.258173205723));
#1743 = CARTESIAN_POINT('',(16.174253636102,4.788133801589,
    10.238578152271));
#1744 = CARTESIAN_POINT('',(16.129889995714,4.956670783482,
    10.219850910748));
#1745 = CARTESIAN_POINT('',(16.085420060888,5.124951060423,
    10.201979624459));
#1746 = CARTESIAN_POINT('',(16.040850322209,5.29298929541,10.18495312711
    ));
#1747 = CARTESIAN_POINT('',(15.996187017594,5.46079985826,
    10.168760942883));
#1748 = CARTESIAN_POINT('',(15.951436132117,5.628396825764,
    10.15339328631));
#1749 = CARTESIAN_POINT('',(15.906603398266,5.795793981472,
    10.13884106246));
#1750 = CARTESIAN_POINT('',(15.861694295619,5.96300481594,
    10.125095866701));
#1751 = CARTESIAN_POINT('',(15.816714051193,6.130042526492,
    10.11214998496));
#1752 = CARTESIAN_POINT('',(15.771667639125,6.29692001741,
    10.099996393477));
#1753 = CARTESIAN_POINT('',(15.726559780918,6.463649899813,
    10.088628759004));
#1754 = CARTESIAN_POINT('',(15.681394945282,6.630244491714,
    10.078041438673));
#1755 = CARTESIAN_POINT('',(15.613568549687,6.879951481149,
    10.063323500759));
#1756 = CARTESIAN_POINT('',(15.590946771425,6.963156237268,
    10.058610944925));
#1757 = CARTESIAN_POINT('',(15.568312568476,7.046331442709,
    10.054091335484));
#1758 = CARTESIAN_POINT('',(15.545666495874,7.129478453724,
    10.04976419535));
#1759 = CARTESIAN_POINT('',(15.523009108671,7.212598626797,
    10.045629047453));
#1760 = CARTESIAN_POINT('',(15.500340961889,7.295693317967,
    10.041685414698));
#1761 = CARTESIAN_POINT('',(15.47766261059,7.378763883978,
    10.037932820024));
#1762 = CARTESIAN_POINT('',(15.454974609797,7.46181168064,10.03437078633
    ));
#1763 = CARTESIAN_POINT('',(15.43227751456,7.544838064805,
    10.030998836555));
#1764 = CARTESIAN_POINT('',(15.409571879918,7.627844392342,
    10.027816493604));
#1765 = CARTESIAN_POINT('',(15.386858260907,7.710832019903,
    10.024823280406));
#1766 = CARTESIAN_POINT('',(15.364137212572,7.793802303617,
    10.022018719876));
#1767 = CARTESIAN_POINT('',(15.341409289952,7.876756599902,
    10.019402334937));
#1768 = CARTESIAN_POINT('',(15.301157929036,8.023602684147,
    10.015102304409));
#1769 = CARTESIAN_POINT('',(15.283636994931,8.087500513986,
    10.01334248228));
#1770 = CARTESIAN_POINT('',(15.266112482464,8.151390342981,
    10.011694097549));
#1771 = CARTESIAN_POINT('',(15.248584628349,8.215272759584,
    10.010157065656));
#1772 = CARTESIAN_POINT('',(15.231053669244,8.27914835217,
    10.008731302014));
#1773 = CARTESIAN_POINT('',(15.213519841916,8.343017709241,
    10.007416722091));
#1774 = CARTESIAN_POINT('',(15.195983382959,8.406881419126,
    10.006213241265));
#1775 = CARTESIAN_POINT('',(15.178444529195,8.470740070351,
    10.005120775034));
#1776 = CARTESIAN_POINT('',(15.160903517192,8.534594251257,
    10.004139238763));
#1777 = CARTESIAN_POINT('',(15.143360583759,8.598444550324,
    10.003268547941));
#1778 = CARTESIAN_POINT('',(15.125815965511,8.662291555953,
    10.002508617959));
#1779 = CARTESIAN_POINT('',(15.108269899194,8.726135856573,
    10.001859364274));
#1780 = CARTESIAN_POINT('',(15.09072262148,8.789978040616,
    10.001320702305));
#1781 = CARTESIAN_POINT('',(15.070561171447,8.863325526396,
    10.000828788824));
#1782 = CARTESIAN_POINT('',(15.067947953009,8.872832318535,
    10.000767483162));
#1783 = CARTESIAN_POINT('',(15.065334714751,8.882339074025,
    10.000708630431));
#1784 = CARTESIAN_POINT('',(15.062721457652,8.891845794092,
    10.000652230552));
#1785 = CARTESIAN_POINT('',(15.060108182722,8.901352479667,
    10.000598283466));
#1786 = CARTESIAN_POINT('',(15.057494890907,8.910859132254,
    10.000546789071));
#1787 = CARTESIAN_POINT('',(15.054881583253,8.920365752449,
    10.000497747339));
#1788 = CARTESIAN_POINT('',(15.052268260684,8.929872342048,
    10.000451158141));
#1789 = CARTESIAN_POINT('',(15.049654924242,8.939378901515,
    10.000407021456));
#1790 = CARTESIAN_POINT('',(15.047041574878,8.948885432558,
    10.000365337172));
#1791 = CARTESIAN_POINT('',(15.044428213597,8.958391935908,
    10.000326105238));
#1792 = CARTESIAN_POINT('',(15.041814841382,8.967898412937,
    10.000289325571));
#1793 = CARTESIAN_POINT('',(15.03920145922,8.977404864672,10.0002549981)
  );
#1794 = CARTESIAN_POINT('',(15.03528137254,8.991664506095,
    10.000207185078));
#1795 = CARTESIAN_POINT('',(15.033974674743,8.996417713898,
    10.000191860441));
#1796 = CARTESIAN_POINT('',(15.032667974812,9.001170915967,
    10.000177148843));
#1797 = CARTESIAN_POINT('',(15.031361272807,9.005924112517,
    10.000163050255));
#1798 = CARTESIAN_POINT('',(15.030054568888,9.010677303895,
    10.000149564724));
#1799 = CARTESIAN_POINT('',(15.028747863034,9.01543049019,
    10.000136692158));
#1800 = CARTESIAN_POINT('',(15.027441155491,9.020183671911,
    10.000124432669));
#1801 = CARTESIAN_POINT('',(15.02613444618,9.024936848995,
    10.000112786123));
#1802 = CARTESIAN_POINT('',(15.024827735349,9.029690022035,
    10.000101752631));
#1803 = CARTESIAN_POINT('',(15.023521022974,9.034443190987,
    10.000091332101));
#1804 = CARTESIAN_POINT('',(15.022214309218,9.039196356331,
    10.000081524581));
#1805 = CARTESIAN_POINT('',(15.020907594139,9.043949518184,
    10.000072330041));
#1806 = CARTESIAN_POINT('',(15.019600877841,9.048702676872,
    10.000063748484));
#1807 = CARTESIAN_POINT('',(15.0176408017,9.055832410499,10.000051795613
    ));
#1808 = CARTESIAN_POINT('',(15.016987442696,9.058208987662,
    10.000047964565));
#1809 = CARTESIAN_POINT('',(15.016334083432,9.060585564107,
    10.000044286773));
#1810 = CARTESIAN_POINT('',(15.015680723866,9.06296213996,
    10.000040762193));
#1811 = CARTESIAN_POINT('',(15.015027364126,9.065338715028,
    10.000037390921));
#1812 = CARTESIAN_POINT('',(15.014374004023,9.067715289729,
    10.000034172789));
#1813 = CARTESIAN_POINT('',(15.013720643856,9.07009186352,
    10.000031108037));
#1814 = CARTESIAN_POINT('',(15.013067283296,9.07246843712,
    10.000028196377));
#1815 = CARTESIAN_POINT('',(15.012413922694,9.074845009857,
    10.000025438098));
#1816 = CARTESIAN_POINT('',(15.011760561779,9.077221582348,
    10.000022832956));
#1817 = CARTESIAN_POINT('',(15.01110720076,9.079598154206,
    10.000020381122));
#1818 = CARTESIAN_POINT('',(15.010453839536,9.081974725697,
    10.000018082496));
#1819 = CARTESIAN_POINT('',(15.009800478171,9.084351296739,
    10.000015937124));
#1820 = CARTESIAN_POINT('',(15.008820435903,9.087916152725,
    10.000012948923));
#1821 = CARTESIAN_POINT('',(15.008493755112,9.089104437953,
    10.000011991166));
#1822 = CARTESIAN_POINT('',(15.008167074288,9.090292723086,
    10.00001107172));
#1823 = CARTESIAN_POINT('',(15.007840393427,9.091481008119,
    10.000010190582));
#1824 = CARTESIAN_POINT('',(15.007513712547,9.092669293072,
    10.000009347759));
#1825 = CARTESIAN_POINT('',(15.007187031617,9.09385757791,
    10.000008543239));
#1826 = CARTESIAN_POINT('',(15.006860350691,9.095045862701,
    10.000007777039));
#1827 = CARTESIAN_POINT('',(15.006533669702,9.096234147354,
    10.000007049138));
#1828 = CARTESIAN_POINT('',(15.006206988725,9.097422431984,
    10.000006359557));
#1829 = CARTESIAN_POINT('',(15.005880307698,9.098610716479,
    10.000005708279));
#1830 = CARTESIAN_POINT('',(15.005553626668,9.099799000938,
    10.000005095315));
#1831 = CARTESIAN_POINT('',(15.00522694561,9.100987285297,10.00000452066
    ));
#1832 = CARTESIAN_POINT('',(15.004900264538,9.102175569595,
    10.000003984315));
#1833 = CARTESIAN_POINT('',(15.004246902362,9.104552138045,
    10.000002988245));
#1834 = CARTESIAN_POINT('',(15.004040680886,9.10579102473,
    10.000002528518));
#1835 = CARTESIAN_POINT('',(15.002665971615,9.106539054479,
    10.000002107123));
#1836 = CARTESIAN_POINT('',(15.006921055765,9.109652040623,
    10.000001723929));
#1837 = CARTESIAN_POINT('',(14.993543235429,9.10535781867,
    10.000001379389));
#1838 = CARTESIAN_POINT('',(15.019842224564,9.117730980159,
    10.000001072382));
#1839 = CARTESIAN_POINT('',(14.978834853046,9.101830171514,
    10.000000805007));
#1840 = CARTESIAN_POINT('',(15.026084552078,9.123004280343,
    10.000000574205));
#1841 = CARTESIAN_POINT('',(14.982832588839,9.106160566371,
    10.000000383496));
#1842 = CARTESIAN_POINT('',(15.012276232591,9.119854730121,
    10.000000229664));
#1843 = CARTESIAN_POINT('',(14.996337550856,9.114484744465,
    10.000000115037));
#1844 = CARTESIAN_POINT('',(15.001980772336,9.11818085711,
    10.000000038294));
#1845 = CARTESIAN_POINT('',(15.000117132287,9.118723496894,
    10.000000000009));
#1846 = CARTESIAN_POINT('',(14.999999999959,9.12,10.));
#1847 = CARTESIAN_POINT('',(17.999999999985,-3.020433114886,
    15.100004769787));
#1848 = CARTESIAN_POINT('',(18.090740199798,-2.859540863405,
    14.93586171824));
#1849 = CARTESIAN_POINT('',(18.169487020904,-2.695718863465,
    14.773515754256));
#1850 = CARTESIAN_POINT('',(18.237180994849,-2.52901757745,
    14.61306489948));
#1851 = CARTESIAN_POINT('',(18.294628295329,-2.359494287669,
    14.454610663239));
#1852 = CARTESIAN_POINT('',(18.342525120482,-2.187209244469,
    14.298252874885));
#1853 = CARTESIAN_POINT('',(18.3814778449,-2.012223083119,
    14.144086354711));
#1854 = CARTESIAN_POINT('',(18.412019898583,-1.834595466686,
    13.99219920766));
#1855 = CARTESIAN_POINT('',(18.434626117561,-1.654384922597,
    13.84267254942));
#1856 = CARTESIAN_POINT('',(18.449725156552,-1.471649845428,
    13.695581494027));
#1857 = CARTESIAN_POINT('',(18.457710435977,-1.286450648046,
    13.550997251015));
#1858 = CARTESIAN_POINT('',(18.458950010191,-1.098853045465,
    13.40899019457));
#1859 = CARTESIAN_POINT('',(18.453795674218,-0.908932467187,
    13.269633784784));
#1860 = CARTESIAN_POINT('',(18.442591574783,-0.716779596543,
    13.133009233141));
#1861 = CARTESIAN_POINT('',(18.415628243856,-0.406990349879,
    12.919652741212));
#1862 = CARTESIAN_POINT('',(18.398324038818,-0.27416852494,
    12.829685001919));
#1863 = CARTESIAN_POINT('',(18.387946984131,-0.172203953063,
    12.762795972249));
#1864 = CARTESIAN_POINT('',(18.364589776258,-2.867509238484E-02,
    12.668319326236));
#1865 = CARTESIAN_POINT('',(18.350051227555,7.303397512564E-02,
    12.604945252584));
#1866 = CARTESIAN_POINT('',(18.327183388693,0.203687895386,
    12.522427864637));
#1867 = CARTESIAN_POINT('',(18.304232519375,0.326543763103,
    12.44715634568));
#1868 = CARTESIAN_POINT('',(18.282492059422,0.438950123706,
    12.380686910017));
#1869 = CARTESIAN_POINT('',(18.255319478093,0.569301113242,
    12.302876094491));
#1870 = CARTESIAN_POINT('',(18.230092232751,0.68454605545,
    12.237366504617));
#1871 = CARTESIAN_POINT('',(18.201899361409,0.808160715909,
    12.167223009585));
#1872 = CARTESIAN_POINT('',(18.173160687632,0.928637185705,
    12.100753129836));
#1873 = CARTESIAN_POINT('',(18.14316247325,1.049831513015,
    12.035134546173));
#1874 = CARTESIAN_POINT('',(18.046572918854,1.426576706335,11.8354225848
    ));
#1875 = CARTESIAN_POINT('',(17.976215584693,1.682457819805,
    11.705833647029));
#1876 = CARTESIAN_POINT('',(17.901518228949,1.938514981452,
    11.58203395116));
#1877 = CARTESIAN_POINT('',(17.822899617323,2.194699824132,
    11.463887509112));
#1878 = CARTESIAN_POINT('',(17.740730784272,2.450967424934,
    11.351265001577));
#1879 = CARTESIAN_POINT('',(17.655340926572,2.707276798334,
    11.24404320788));
#1880 = CARTESIAN_POINT('',(17.567022765628,2.963591277842,
    11.142104657891));
#1881 = CARTESIAN_POINT('',(17.476037470069,3.219878790347,
    11.045337478594));
#1882 = CARTESIAN_POINT('',(17.382619214447,3.476112026833,
    10.95363541117));
#1883 = CARTESIAN_POINT('',(17.286979438468,3.732268512446,
    10.86689797885));
#1884 = CARTESIAN_POINT('',(17.189310860472,3.988330577767,
    10.78503078772));
#1885 = CARTESIAN_POINT('',(17.089791291609,4.244285233523,
    10.707945945893));
#1886 = CARTESIAN_POINT('',(16.988587290084,4.500123949397,
    10.635562587903));
#1887 = CARTESIAN_POINT('',(16.823199180275,4.911814259482,
    10.526481203334));
#1888 = CARTESIAN_POINT('',(16.759939874832,5.067821315978,
    10.486854963025));
#1889 = CARTESIAN_POINT('',(16.696115265641,5.223856256607,
    10.448915627758));
#1890 = CARTESIAN_POINT('',(16.631759678273,5.379912120413,10.4126507227
    ));
#1891 = CARTESIAN_POINT('',(16.56690630426,5.535982266606,
    10.378048398939));
#1892 = CARTESIAN_POINT('',(16.501587230656,5.692060404842,
    10.345097392542));
#1893 = CARTESIAN_POINT('',(16.435833466717,5.848140625837,
    10.313786986262));
#1894 = CARTESIAN_POINT('',(16.369674968115,6.004217432124,
    10.28410697394));
#1895 = CARTESIAN_POINT('',(16.303140658558,6.160285769321,
    10.256047627216));
#1896 = CARTESIAN_POINT('',(16.236258449262,6.316341057522,
    10.229599664723));
#1897 = CARTESIAN_POINT('',(16.169055256148,6.472379223303,
    10.204754223355));
#1898 = CARTESIAN_POINT('',(16.101557015092,6.628396731941,
    10.181502831764));
#1899 = CARTESIAN_POINT('',(16.033788695208,6.784390620247,
    10.159837385815));
#1900 = CARTESIAN_POINT('',(15.931821570128,7.018217616866,
    10.129722577941));
#1901 = CARTESIAN_POINT('',(15.897803739136,7.096079434113,
    10.120087407398));
#1902 = CARTESIAN_POINT('',(15.863723826626,7.173943531074,
    10.11084374628));
#1903 = CARTESIAN_POINT('',(15.829584833517,7.251809446071,
    10.101990778744));
#1904 = CARTESIAN_POINT('',(15.795389752974,7.329676706034,
    10.093527740686));
#1905 = CARTESIAN_POINT('',(15.761141571246,7.407544826623,
    10.085453919441));
#1906 = CARTESIAN_POINT('',(15.726843268024,7.485413311817,
    10.077768653131));
#1907 = CARTESIAN_POINT('',(15.692497817514,7.563281654336,
    10.070471330595));
#1908 = CARTESIAN_POINT('',(15.658108188578,7.64114933492,
    10.063561390612));
#1909 = CARTESIAN_POINT('',(15.623677345884,7.71901582294,
    10.057038321931));
#1910 = CARTESIAN_POINT('',(15.589208250098,7.796880575672,
    10.050901662578));
#1911 = CARTESIAN_POINT('',(15.554703858837,7.8747430387,10.045150999774
    ));
#1912 = CARTESIAN_POINT('',(15.520167127097,7.952602645507,
    10.039785969461));
#1913 = CARTESIAN_POINT('',(15.458979649316,8.090420338574,
    10.03097109207));
#1914 = CARTESIAN_POINT('',(15.432339224996,8.150383394593,
    10.027364186542));
#1915 = CARTESIAN_POINT('',(15.405681021151,8.210347777826,
    10.023985343758));
#1916 = CARTESIAN_POINT('',(15.379006322449,8.270313279099,
    10.020834384755));
#1917 = CARTESIAN_POINT('',(15.352316412208,8.330279687646,
    10.017911147242));
#1918 = CARTESIAN_POINT('',(15.325612572619,8.390246791452,
    10.015215485635));
#1919 = CARTESIAN_POINT('',(15.298896084799,8.450214376577,
    10.01274727089));
#1920 = CARTESIAN_POINT('',(15.272168229076,8.510182228094,
    10.010506390603));
#1921 = CARTESIAN_POINT('',(15.245430285017,8.570150128861,
    10.008492748826));
#1922 = CARTESIAN_POINT('',(15.21868353168,8.630117860775,10.00670626615
    ));
#1923 = CARTESIAN_POINT('',(15.191929247711,8.690085203594,
    10.005146879586));
#1924 = CARTESIAN_POINT('',(15.165168711529,8.750051935782,
    10.003814542585));
#1925 = CARTESIAN_POINT('',(15.13840320146,8.810017833941,
    10.002709224979));
#1926 = CARTESIAN_POINT('',(15.107647872757,8.878911859723,
    10.001700126138));
#1927 = CARTESIAN_POINT('',(15.10366165214,8.887841056948,10.0015743706)
  );
#1928 = CARTESIAN_POINT('',(15.099675338576,8.896770263275,
    10.001453646243));
#1929 = CARTESIAN_POINT('',(15.095688936543,8.905699477306,
    10.001337952908));
#1930 = CARTESIAN_POINT('',(15.091702450624,8.9146286975,10.00122729056)
  );
#1931 = CARTESIAN_POINT('',(15.087715885205,8.923557922593,
    10.001121658952));
#1932 = CARTESIAN_POINT('',(15.083729244971,8.932487150879,
    10.001021058182));
#1933 = CARTESIAN_POINT('',(15.079742534229,8.941416381236,
    10.000925487927));
#1934 = CARTESIAN_POINT('',(15.075755757687,8.9503456119,10.00083494833)
  );
#1935 = CARTESIAN_POINT('',(15.071768919694,8.959274841694,
    10.000749439132));
#1936 = CARTESIAN_POINT('',(15.067782024868,8.968204068993,
    10.00066896039));
#1937 = CARTESIAN_POINT('',(15.06379507766,8.977133292455,
    10.000593511975));
#1938 = CARTESIAN_POINT('',(15.059808082605,8.986062510591,
    10.000523093867));
#1939 = CARTESIAN_POINT('',(15.053827535335,8.99945630453,
    10.000425012255));
#1940 = CARTESIAN_POINT('',(15.051834014873,9.003920887112,
    10.000393576023));
#1941 = CARTESIAN_POINT('',(15.049840483341,9.008385469646,
    10.000363397307));
#1942 = CARTESIAN_POINT('',(15.047846941241,9.012850052061,
    10.000334476099));
#1943 = CARTESIAN_POINT('',(15.045853389118,9.017314634267,
    10.000306812389));
#1944 = CARTESIAN_POINT('',(15.043859827438,9.021779216227,
    10.000280406171));
#1945 = CARTESIAN_POINT('',(15.041866256792,9.026243797803,
    10.000255257437));
#1946 = CARTESIAN_POINT('',(15.039872677603,9.030708379008,
    10.000231366179));
#1947 = CARTESIAN_POINT('',(15.037879090484,9.035172959668,
    10.000208732391));
#1948 = CARTESIAN_POINT('',(15.035885495868,9.039637539804,
    10.000187356068));
#1949 = CARTESIAN_POINT('',(15.03389189433,9.044102119267,
    10.000167237204));
#1950 = CARTESIAN_POINT('',(15.031898286353,9.04856669803,
    10.000148375794));
#1951 = CARTESIAN_POINT('',(15.029904672468,9.053031275995,
    10.000130771834));
#1952 = CARTESIAN_POINT('',(15.026914244835,9.059728138756,
    10.000106252074));
#1953 = CARTESIAN_POINT('',(15.025917435028,9.061960424439,
    10.000098393186));
#1954 = CARTESIAN_POINT('',(15.024920623825,9.064192710147,
    10.00009084866));
#1955 = CARTESIAN_POINT('',(15.023923811291,9.066424995847,
    10.000083618484));
#1956 = CARTESIAN_POINT('',(15.022926997488,9.068657281588,
    10.000076702683));
#1957 = CARTESIAN_POINT('',(15.021930182478,9.070889567259,
    10.00007010121));
#1958 = CARTESIAN_POINT('',(15.020933366329,9.073121853011,
    10.000063814133));
#1959 = CARTESIAN_POINT('',(15.019936549095,9.075354138631,
    10.00005784137));
#1960 = CARTESIAN_POINT('',(15.01893973085,9.077586424335,
    10.000052183001));
#1961 = CARTESIAN_POINT('',(15.017942911647,9.079818709912,
    10.000046838959));
#1962 = CARTESIAN_POINT('',(15.016946091555,9.082050995508,
    10.00004180929));
#1963 = CARTESIAN_POINT('',(15.015949270635,9.084283281021,
    10.000037093967));
#1964 = CARTESIAN_POINT('',(15.01495244895,9.086515566489,
    10.000032693003));
#1965 = CARTESIAN_POINT('',(15.013457215532,9.089863994227,
    10.000026563087));
#1966 = CARTESIAN_POINT('',(15.012958804312,9.090980136576,
    10.00002459837));
#1967 = CARTESIAN_POINT('',(15.012460392916,9.092096278937,
    10.000022712244));
#1968 = CARTESIAN_POINT('',(15.011961981339,9.093212421299,10.0000209047
    ));
#1969 = CARTESIAN_POINT('',(15.011463569615,9.094328563684,
    10.000019175757));
#1970 = CARTESIAN_POINT('',(15.010965157708,9.095444706047,
    10.000017525382));
#1971 = CARTESIAN_POINT('',(15.010466745688,9.096560848457,
    10.000015953624));
#1972 = CARTESIAN_POINT('',(15.009968333489,9.097676990818,
    10.000014460421));
#1973 = CARTESIAN_POINT('',(15.009469921194,9.098793133236,
    10.000013045838));
#1974 = CARTESIAN_POINT('',(15.008971508747,9.099909275608,
    10.000011709819));
#1975 = CARTESIAN_POINT('',(15.0084730962,9.101025418014,10.000010452403
    ));
#1976 = CARTESIAN_POINT('',(15.007974683537,9.102141560399,
    10.000009273568));
#1977 = CARTESIAN_POINT('',(15.007476270776,9.103257702791,
    10.000008173324));
#1978 = CARTESIAN_POINT('',(15.006479445121,9.105489987441,
    10.000006130011));
#1979 = CARTESIAN_POINT('',(15.006149814054,9.10667703138,
    10.000005186942));
#1980 = CARTESIAN_POINT('',(15.004182957965,9.107176311972,
    10.000004322468));
#1981 = CARTESIAN_POINT('',(15.010104278289,9.110989247685,
    10.000003536555));
#1982 = CARTESIAN_POINT('',(14.99131928206,9.104423585559,
    10.000002829304));
#1983 = CARTESIAN_POINT('',(15.028127383524,9.121211400884,
    10.00000220049));
#1984 = CARTESIAN_POINT('',(14.970629288584,9.098383189826,
    10.000001650506));
#1985 = CARTESIAN_POINT('',(15.03679243958,9.127502436887,
    10.000001178802));
#1986 = CARTESIAN_POINT('',(14.976149341366,9.103353076933,
    10.000000785999));
#1987 = CARTESIAN_POINT('',(15.017363566531,9.121991811174,
    10.000000471533));
#1988 = CARTESIAN_POINT('',(14.994990426146,9.113918846213,
    10.000000235812));
#1989 = CARTESIAN_POINT('',(15.002856731088,9.118548828791,
    10.000000078605));
#1990 = CARTESIAN_POINT('',(15.00020481041,9.118760328609,
    10.000000000011));
#1991 = CARTESIAN_POINT('',(15.000000339732,9.119999950095,10.));
#1992 = CARTESIAN_POINT('',(20.999999387648,-3.021582390214,
    15.10117749264));
#1993 = CARTESIAN_POINT('',(20.999999393623,-2.858197846896,
    14.934459576414));
#1994 = CARTESIAN_POINT('',(20.990749713539,-2.69231440355,
    14.770124426308));
#1995 = CARTESIAN_POINT('',(20.972956652087,-2.523963639493,
    14.608205938639));
#1996 = CARTESIAN_POINT('',(20.947256932805,-2.353174943608,
    14.44873654572));
#1997 = CARTESIAN_POINT('',(20.914224198451,-2.179976117354,
    14.29174761668));
#1998 = CARTESIAN_POINT('',(20.874375511483,-2.004393978678,
    14.137269858305));
#1999 = CARTESIAN_POINT('',(20.828177854314,-1.826454964249,
    13.985333715749));
#2000 = CARTESIAN_POINT('',(20.776054629945,-1.646185734295,
    13.835969773563));
#2001 = CARTESIAN_POINT('',(20.718392162077,-1.463613774032,
    13.689209156192));
#2002 = CARTESIAN_POINT('',(20.655546195823,-1.278767998883,
    13.545083929157));
#2003 = CARTESIAN_POINT('',(20.587848397839,-1.091679356105,
    13.403627499526));
#2004 = CARTESIAN_POINT('',(20.51561285693,-0.902381429317,
    13.26487501699));
#2005 = CARTESIAN_POINT('',(20.439142584328,-0.710911041043,
    13.128863774516));
#2006 = CARTESIAN_POINT('',(20.310177259829,-0.400389543677,
    12.915173880009));
#2007 = CARTESIAN_POINT('',(20.26538671525,-0.192500553422,
    12.773718611039));
#2008 = CARTESIAN_POINT('',(20.208067000698,-0.149352595047,
    12.750745416718));
#2009 = CARTESIAN_POINT('',(20.164679311395,0.106728363273,
    12.57719789176));
#2010 = CARTESIAN_POINT('',(20.103498111313,0.149698991159,
    12.561143757173));
#2011 = CARTESIAN_POINT('',(20.052944149427,0.334151178303,
    12.44134384544));
#2012 = CARTESIAN_POINT('',(19.997726287943,0.480548964724,
    12.353387065557));
#2013 = CARTESIAN_POINT('',(19.937436501748,0.573487067861,
    12.305844292649));
#2014 = CARTESIAN_POINT('',(19.883496134024,0.752183773355,
    12.19550165334));
#2015 = CARTESIAN_POINT('',(19.822470382911,0.857527832623,
    12.142578646363));
#2016 = CARTESIAN_POINT('',(19.764128190397,1.001440124169,
    12.061314136553));
#2017 = CARTESIAN_POINT('',(19.703765330875,1.129665029605,
    11.993617227868));
#2018 = CARTESIAN_POINT('',(19.643038747516,1.260337356791,
    11.925292617108));
#2019 = CARTESIAN_POINT('',(19.450529738359,1.666106201557,
    11.718122573073));
#2020 = CARTESIAN_POINT('',(19.316617893357,1.938308731113,
    11.585976631998));
#2021 = CARTESIAN_POINT('',(19.180361057462,2.206769024339,
    11.46204434438));
#2022 = CARTESIAN_POINT('',(19.042121872089,2.471886652472,
    11.34567030204));
#2023 = CARTESIAN_POINT('',(18.902198558621,2.734012428585,
    11.236292352178));
#2024 = CARTESIAN_POINT('',(18.760832980792,2.993453653145,
    11.133431439889));
#2025 = CARTESIAN_POINT('',(18.618218706918,3.250479359688,
    11.03668145067));
#2026 = CARTESIAN_POINT('',(18.4745090723,3.505325560447,10.945699052911
    ));
#2027 = CARTESIAN_POINT('',(18.329825241468,3.758200491897,
    10.860193540443));
#2028 = CARTESIAN_POINT('',(18.184264270542,4.009289860523,
    10.779916674992));
#2029 = CARTESIAN_POINT('',(18.037907169531,4.25876208827,
    10.704652528742));
#2030 = CARTESIAN_POINT('',(17.890826964648,4.506773558332,
    10.634207326797));
#2031 = CARTESIAN_POINT('',(17.743096760631,4.75347386065,
    10.568399289723));
#2032 = CARTESIAN_POINT('',(17.503805892196,5.149665481079,
    10.469405407857));
#2033 = CARTESIAN_POINT('',(17.412595096968,5.299879436127,
    10.433445643187));
#2034 = CARTESIAN_POINT('',(17.32118021064,5.449678754687,
    10.399136518031));
#2035 = CARTESIAN_POINT('',(17.229575306292,5.59908849508,
    10.366447272552));
#2036 = CARTESIAN_POINT('',(17.137793736772,5.748132922374,
    10.335349051027));
#2037 = CARTESIAN_POINT('',(17.045848134784,5.896835507662,
    10.305814901922));
#2038 = CARTESIAN_POINT('',(16.953750412742,6.045218929277,
    10.277819777774));
#2039 = CARTESIAN_POINT('',(16.861511762975,6.193305071078,
    10.25134053535));
#2040 = CARTESIAN_POINT('',(16.769142657487,6.341115024497,
    10.226355935466));
#2041 = CARTESIAN_POINT('',(16.676652848191,6.488669086457,
    10.202846643161));
#2042 = CARTESIAN_POINT('',(16.584051366716,6.635986761178,
    10.180795227555));
#2043 = CARTESIAN_POINT('',(16.491346524544,6.783086758847,
    10.160186161947));
#2044 = CARTESIAN_POINT('',(16.398545912926,6.92998699644,10.14100582376
    ));
#2045 = CARTESIAN_POINT('',(16.259211647927,7.150063397737,
    10.114360829965));
#2046 = CARTESIAN_POINT('',(16.212745217636,7.223376775535,
    10.105832255425));
#2047 = CARTESIAN_POINT('',(16.16625805298,7.296646735039,
    10.097655610883));
#2048 = CARTESIAN_POINT('',(16.119751094877,7.369875280561,
    10.08982973627));
#2049 = CARTESIAN_POINT('',(16.073225284255,7.443064416496,
    10.08235347153));
#2050 = CARTESIAN_POINT('',(16.026681562036,7.516216147063,
    10.075225656588));
#2051 = CARTESIAN_POINT('',(15.980120869135,7.589332476781,
    10.068445131393));
#2052 = CARTESIAN_POINT('',(15.933544146496,7.662415409743,
    10.062010735872));
#2053 = CARTESIAN_POINT('',(15.886952335009,7.73546695055,
    10.055921309965));
#2054 = CARTESIAN_POINT('',(15.840346375635,7.808489103295,
    10.05017569361));
#2055 = CARTESIAN_POINT('',(15.793727209263,7.881483872497,
    10.044772726739));
#2056 = CARTESIAN_POINT('',(15.74709577684,7.954453262375,
    10.039711249291));
#2057 = CARTESIAN_POINT('',(15.700453019277,8.027399277325,
    10.034990101202));
#2058 = CARTESIAN_POINT('',(15.617852840273,8.156513597308,
    10.027231733407));
#2059 = CARTESIAN_POINT('',(15.581899497859,8.212690611025,
    10.024056931347));
#2060 = CARTESIAN_POINT('',(15.545940238652,8.268855810891,
    10.021083511806));
#2061 = CARTESIAN_POINT('',(15.509975451041,8.325010045103,
    10.018311270354));
#2062 = CARTESIAN_POINT('',(15.474005523423,8.381154161598,
    10.015740002571));
#2063 = CARTESIAN_POINT('',(15.438030844187,8.437289008802,
    10.013369504026));
#2064 = CARTESIAN_POINT('',(15.402051801725,8.493415434379,
    10.011199570294));
#2065 = CARTESIAN_POINT('',(15.366068784436,8.549534286985,
    10.009229996956));
#2066 = CARTESIAN_POINT('',(15.3300821807,8.605646414191,10.00746057957)
  );
#2067 = CARTESIAN_POINT('',(15.294092378925,8.661752664568,
    10.005891113731));
#2068 = CARTESIAN_POINT('',(15.258099767488,8.717853885911,
    10.004521394995));
#2069 = CARTESIAN_POINT('',(15.222104734793,8.773950926517,
    10.003351218948));
#2070 = CARTESIAN_POINT('',(15.186107669226,8.830044634418,
    10.002380381158));
#2071 = CARTESIAN_POINT('',(15.144748212051,8.894488681072,
    10.001493758924));
#2072 = CARTESIAN_POINT('',(15.139387429951,8.902841445799,
    10.001383262395));
#2073 = CARTESIAN_POINT('',(15.134026614592,8.911194153974,
    10.001277187437));
#2074 = CARTESIAN_POINT('',(15.128665767657,8.919546807742,
    10.001175533867));
#2075 = CARTESIAN_POINT('',(15.12330489089,8.927899408977,
    10.001078301515));
#2076 = CARTESIAN_POINT('',(15.117943985923,8.936251960077,
    10.000985490184));
#2077 = CARTESIAN_POINT('',(15.112583054561,8.944604462623,
    10.000897099722));
#2078 = CARTESIAN_POINT('',(15.107222098384,8.952956919245,
    10.000813129918));
#2079 = CARTESIAN_POINT('',(15.101861119216,8.961309331451,
    10.000733580621));
#2080 = CARTESIAN_POINT('',(15.096500118662,8.969661701753,
    10.000658451633));
#2081 = CARTESIAN_POINT('',(15.091139098489,8.978014031912,
    10.000587742783));
#2082 = CARTESIAN_POINT('',(15.085778060366,8.986366324155,
    10.000521453891));
#2083 = CARTESIAN_POINT('',(15.08041700601,8.994718580475,
    10.000459584776));
#2084 = CARTESIAN_POINT('',(15.072375402675,9.007246914194,
    10.000373410502));
#2085 = CARTESIAN_POINT('',(15.069694864671,9.011423016815,
    10.000345790663));
#2086 = CARTESIAN_POINT('',(15.067014323263,9.015599111148,
    10.000319275735));
#2087 = CARTESIAN_POINT('',(15.064333778585,9.019775197624,
    10.000293865695));
#2088 = CARTESIAN_POINT('',(15.061653230822,9.023951276432,
    10.000269560552));
#2089 = CARTESIAN_POINT('',(15.058972680061,9.028127348215,
    10.000246360256));
#2090 = CARTESIAN_POINT('',(15.056292126539,9.032303412924,
    10.000224264851));
#2091 = CARTESIAN_POINT('',(15.053611570303,9.036479471387,
    10.000203274255));
#2092 = CARTESIAN_POINT('',(15.050931011603,9.040655523497,
    10.000183388528));
#2093 = CARTESIAN_POINT('',(15.048250450507,9.044831569988,
    10.000164607595));
#2094 = CARTESIAN_POINT('',(15.045569887219,9.049007610959,
    10.000146931488));
#2095 = CARTESIAN_POINT('',(15.042889321858,9.053183646907,
    10.00013036017));
#2096 = CARTESIAN_POINT('',(15.040208754587,9.057359678126,
    10.000114893639));
#2097 = CARTESIAN_POINT('',(15.036187901034,9.063623718422,10.000093351)
  );
#2098 = CARTESIAN_POINT('',(15.034847616057,9.065711730794,
    10.000086446312));
#2099 = CARTESIAN_POINT('',(15.033507330656,9.067799742135,
    10.000079817831));
#2100 = CARTESIAN_POINT('',(15.032167044789,9.069887752567,
    10.000073465506));
#2101 = CARTESIAN_POINT('',(15.030826758595,9.071975761993,
    10.000067389447));
#2102 = CARTESIAN_POINT('',(15.029486471875,9.074063770716,
    10.000061589462));
#2103 = CARTESIAN_POINT('',(15.028146184948,9.076151778452,
    10.000056065821));
#2104 = CARTESIAN_POINT('',(15.026805897471,9.078239785627,
    10.000050818203));
#2105 = CARTESIAN_POINT('',(15.025465609814,9.080327791947,
    10.000045846926));
#2106 = CARTESIAN_POINT('',(15.024125321695,9.082415797734,
    10.000041151722));
#2107 = CARTESIAN_POINT('',(15.022785033339,9.084503802865,
    10.000036732778));
#2108 = CARTESIAN_POINT('',(15.021444744639,9.086591807488,
    10.000032589984));
#2109 = CARTESIAN_POINT('',(15.020104455667,9.088679811614,
    10.00002872339));
#2110 = CARTESIAN_POINT('',(15.018094021794,9.091811817156,
    10.000023337772));
#2111 = CARTESIAN_POINT('',(15.017423877102,9.092855818896,
    10.000021611612));
#2112 = CARTESIAN_POINT('',(15.016753732343,9.09389982053,
    10.000019954501));
#2113 = CARTESIAN_POINT('',(15.016083587519,9.094943822087,
    10.00001836643));
#2114 = CARTESIAN_POINT('',(15.015413442637,9.095987823521,
    10.000016847419));
#2115 = CARTESIAN_POINT('',(15.014743297683,9.097031824936,
    10.000015397429));
#2116 = CARTESIAN_POINT('',(15.014073152687,9.098075826194,
    10.000014016521));
#2117 = CARTESIAN_POINT('',(15.013403007612,9.099119827481,
    10.000012704618));
#2118 = CARTESIAN_POINT('',(15.012732862505,9.10016382862,
    10.000011461801));
#2119 = CARTESIAN_POINT('',(15.012062717324,9.101207829776,
    10.000010287998));
#2120 = CARTESIAN_POINT('',(15.011392572105,9.102251830844,
    10.000009183262));
#2121 = CARTESIAN_POINT('',(15.010722426828,9.103295831895,
    10.000008147561));
#2122 = CARTESIAN_POINT('',(15.010052281506,9.104339832908,
    10.00000718091));
#2123 = CARTESIAN_POINT('',(15.008711990768,9.106427834888,
    10.000005385698));
#2124 = CARTESIAN_POINT('',(15.008258949306,9.107563036603,
    10.000004557146));
#2125 = CARTESIAN_POINT('',(15.005699946478,9.107813568775,
    10.000003797581));
#2126 = CARTESIAN_POINT('',(15.013287500037,9.112326453355,
    10.000003107324));
#2127 = CARTESIAN_POINT('',(14.989095333325,9.103489353764,
    10.000002485317));
#2128 = CARTESIAN_POINT('',(15.03641253739,9.124691819123,
    10.000001934114));
#2129 = CARTESIAN_POINT('',(14.962423730055,9.094936210496,
    10.000001449009));
#2130 = CARTESIAN_POINT('',(15.04750032305,9.132000591729,
    10.000001036786));
#2131 = CARTESIAN_POINT('',(14.969466096087,9.100545588461,
    10.000000689696));
#2132 = CARTESIAN_POINT('',(15.022450899726,9.12412889198,
    10.000000414783));
#2133 = CARTESIAN_POINT('',(14.993643301577,9.113352948067,
    10.000000206967));
#2134 = CARTESIAN_POINT('',(15.003732689819,9.118916800486,
    10.000000069121));
#2135 = CARTESIAN_POINT('',(15.000292488532,9.118797160323,10.));
#2136 = CARTESIAN_POINT('',(15.000000231407,9.119999768287,10.));
#2137 = DEFINITIONAL_REPRESENTATION('',(#2138),#2142);
#2138 = LINE('',#2139,#2140);
#2139 = CARTESIAN_POINT('',(14.308972357116,0.));
#2140 = VECTOR('',#2141,1.);
#2141 = DIRECTION('',(0.,1.));
#2142 = ( GEOMETRIC_REPRESENTATION_CONTEXT(2) 
PARAMETRIC_REPRESENTATION_CONTEXT() REPRESENTATION_CONTEXT('2D SPACE',''
  ) );
#2143 = ORIENTED_EDGE('',*,*,#2144,.F.);
#2144 = EDGE_CURVE('',#1295,#1369,#2145,.T.);
#2145 = SURFACE_CURVE('',#2146,(#2154,#2165),.PCURVE_S1.);
#2146 = ( BOUNDED_CURVE() B_SPLINE_CURVE(6,(#2147,#2148,#2149,#2150,
#2151,#2152,#2153),.UNSPECIFIED.,.F.,.F.) B_SPLINE_CURVE_WITH_KNOTS((7,7
),(20.999999999998,33.891233212437),.PIECEWISE_BEZIER_KNOTS.) CURVE() 
GEOMETRIC_REPRESENTATION_ITEM() RATIONAL_B_SPLINE_CURVE((1.,1.,1.,1.,1.,
1.,1.)) REPRESENTATION_ITEM('') );
#2147 = CARTESIAN_POINT('',(21.,-7.88,27.));
#2148 = CARTESIAN_POINT('',(21.000000000001,-7.88,24.803073770642));
#2149 = CARTESIAN_POINT('',(21.000000434371,-7.539022501076,
    22.605973932621));
#2150 = CARTESIAN_POINT('',(20.999998755797,-6.858819102307,
    20.475865259518));
#2151 = CARTESIAN_POINT('',(21.000001489263,-5.851588830037,
    18.475380288006));
#2152 = CARTESIAN_POINT('',(20.9999993314,-4.559416039533,16.67038603778
    ));
#2153 = CARTESIAN_POINT('',(20.999999387646,-3.021582390215,
    15.101177492641));
#2154 = PCURVE('',#453,#2155);
#2155 = DEFINITIONAL_REPRESENTATION('',(#2156),#2164);
#2156 = B_SPLINE_CURVE_WITH_KNOTS('',6,(#2157,#2158,#2159,#2160,#2161,
    #2162,#2163),.UNSPECIFIED.,.F.,.F.,(7,7),(20.999999999998,
    33.891233212437),.PIECEWISE_BEZIER_KNOTS.);
#2157 = CARTESIAN_POINT('',(-1.570796326795,3.));
#2158 = CARTESIAN_POINT('',(-1.441565372127,3.000000000001));
#2159 = CARTESIAN_POINT('',(-1.31231704861,3.000000434371));
#2160 = CARTESIAN_POINT('',(-1.183162416235,2.999998755798));
#2161 = CARTESIAN_POINT('',(-1.053774446882,3.000001489262));
#2162 = CARTESIAN_POINT('',(-0.924738321798,2.9999993314));
#2163 = CARTESIAN_POINT('',(-0.795495814956,2.999999387646));
#2164 = ( GEOMETRIC_REPRESENTATION_CONTEXT(2) 
PARAMETRIC_REPRESENTATION_CONTEXT() REPRESENTATION_CONTEXT('2D SPACE',''
  ) );
#2165 = PCURVE('',#2166,#2188);
#2166 = ( BOUNDED_SURFACE() B_SPLINE_SURFACE(2,6,(
    (#2167,#2168,#2169,#2170,#2171,#2172,#2173)
    ,(#2174,#2175,#2176,#2177,#2178,#2179,#2180)
    ,(#2181,#2182,#2183,#2184,#2185,#2186,#2187
)),.UNSPECIFIED.,.F.,.F.,.F.) B_SPLINE_SURFACE_WITH_KNOTS((3,3),(7,7),(
    0.,12.891233212439),(20.999999999998,33.891233212437),
.PIECEWISE_BEZIER_KNOTS.) GEOMETRIC_REPRESENTATION_ITEM() 
RATIONAL_B_SPLINE_SURFACE((
    (1.,1.,1.,1.,1.,1.,1.)
    ,(0.707106781186,0.707106781186,0.707106767142,0.707106821822
      ,0.707106731591,0.707106804853,0.707106800394)
,(1.,1.,1.,1.,1.,1.,1.))) REPRESENTATION_ITEM('') SURFACE() );
#2167 = CARTESIAN_POINT('',(18.,-10.88,27.000000000003));
#2168 = CARTESIAN_POINT('',(18.000000000001,-10.88,24.415380906619));
#2169 = CARTESIAN_POINT('',(18.,-10.47920391635,21.830775570131));
#2170 = CARTESIAN_POINT('',(17.999999999999,-9.67749138854,
    19.323779525971));
#2171 = CARTESIAN_POINT('',(17.999999999997,-8.495280344655,
    16.972425525386));
#2172 = CARTESIAN_POINT('',(17.999999999993,-6.972184142406,
    14.845883198566));
#2173 = CARTESIAN_POINT('',(17.999999999989,-5.162856739888,
    13.000000000001));
#2174 = CARTESIAN_POINT('',(17.999999999992,-7.88,27.000000000002));
#2175 = CARTESIAN_POINT('',(17.999999999993,-7.88,24.80307377063));
#2176 = CARTESIAN_POINT('',(17.999999999993,-7.539323872809,
    22.606165565525));
#2177 = CARTESIAN_POINT('',(17.999999999991,-6.857870619461,
    20.475197884022));
#2178 = CARTESIAN_POINT('',(17.999999999989,-5.852970450277,
    18.476565159246));
#2179 = CARTESIAN_POINT('',(17.999999999987,-4.558394765298,
    16.669040734392));
#2180 = CARTESIAN_POINT('',(17.999999999983,-3.020433114886,
    15.100004769787));
#2181 = CARTESIAN_POINT('',(21.,-7.88,27.));
#2182 = CARTESIAN_POINT('',(21.000000000001,-7.88,24.803073770642));
#2183 = CARTESIAN_POINT('',(21.000000434371,-7.539022501076,
    22.605973932621));
#2184 = CARTESIAN_POINT('',(20.999998755797,-6.858819102307,
    20.475865259518));
#2185 = CARTESIAN_POINT('',(21.000001489263,-5.851588830037,
    18.475380288006));
#2186 = CARTESIAN_POINT('',(20.9999993314,-4.559416039533,16.67038603778
    ));
#2187 = CARTESIAN_POINT('',(20.999999387646,-3.021582390215,
    15.101177492641));
#2188 = DEFINITIONAL_REPRESENTATION('',(#2189),#2193);
#2189 = LINE('',#2190,#2191);
#2190 = CARTESIAN_POINT('',(12.891233212439,0.));
#2191 = VECTOR('',#2192,1.);
#2192 = DIRECTION('',(0.,1.));
#2193 = ( GEOMETRIC_REPRESENTATION_CONTEXT(2) 
PARAMETRIC_REPRESENTATION_CONTEXT() REPRESENTATION_CONTEXT('2D SPACE',''
  ) );
#2194 = ADVANCED_FACE('',(#2195,#2300,#2326),#420,.T.);
#2195 = FACE_BOUND('',#2196,.T.);
#2196 = EDGE_LOOP('',(#2197,#2198,#2199,#2222,#2245,#2273,#2299));
#2197 = ORIENTED_EDGE('',*,*,#404,.T.);
#2198 = ORIENTED_EDGE('',*,*,#705,.T.);
#2199 = ORIENTED_EDGE('',*,*,#2200,.T.);
#2200 = EDGE_CURVE('',#677,#2201,#2203,.T.);
#2201 = VERTEX_POINT('',#2202);
#2202 = CARTESIAN_POINT('',(-41.,-12.,10.));
#2203 = SURFACE_CURVE('',#2204,(#2208,#2215),.PCURVE_S1.);
#2204 = LINE('',#2205,#2206);
#2205 = CARTESIAN_POINT('',(-41.,12.,10.));
#2206 = VECTOR('',#2207,1.);
#2207 = DIRECTION('',(0.,-1.,0.));
#2208 = PCURVE('',#420,#2209);
#2209 = DEFINITIONAL_REPRESENTATION('',(#2210),#2214);
#2210 = LINE('',#2211,#2212);
#2211 = CARTESIAN_POINT('',(-44.54413847364,16.29948859166));
#2212 = VECTOR('',#2213,1.);
#2213 = DIRECTION('',(0.,-1.));
#2214 = ( GEOMETRIC_REPRESENTATION_CONTEXT(2) 
PARAMETRIC_REPRESENTATION_CONTEXT() REPRESENTATION_CONTEXT('2D SPACE',''
  ) );
#2215 = PCURVE('',#693,#2216);
#2216 = DEFINITIONAL_REPRESENTATION('',(#2217),#2221);
#2217 = LINE('',#2218,#2219);
#2218 = CARTESIAN_POINT('',(-16.875,-17.125));
#2219 = VECTOR('',#2220,1.);
#2220 = DIRECTION('',(-0.,1.));
#2221 = ( GEOMETRIC_REPRESENTATION_CONTEXT(2) 
PARAMETRIC_REPRESENTATION_CONTEXT() REPRESENTATION_CONTEXT('2D SPACE',''
  ) );
#2222 = ORIENTED_EDGE('',*,*,#2223,.T.);
#2223 = EDGE_CURVE('',#2201,#2224,#2226,.T.);
#2224 = VERTEX_POINT('',#2225);
#2225 = CARTESIAN_POINT('',(15.000000000007,-12.,10.));
#2226 = SURFACE_CURVE('',#2227,(#2231,#2238),.PCURVE_S1.);
#2227 = LINE('',#2228,#2229);
#2228 = CARTESIAN_POINT('',(-41.,-12.,10.));
#2229 = VECTOR('',#2230,1.);
#2230 = DIRECTION('',(1.,0.,0.));
#2231 = PCURVE('',#420,#2232);
#2232 = DEFINITIONAL_REPRESENTATION('',(#2233),#2237);
#2233 = LINE('',#2234,#2235);
#2234 = CARTESIAN_POINT('',(-44.54413847364,-7.70051140834));
#2235 = VECTOR('',#2236,1.);
#2236 = DIRECTION('',(1.,0.));
#2237 = ( GEOMETRIC_REPRESENTATION_CONTEXT(2) 
PARAMETRIC_REPRESENTATION_CONTEXT() REPRESENTATION_CONTEXT('2D SPACE',''
  ) );
#2238 = PCURVE('',#101,#2239);
#2239 = DEFINITIONAL_REPRESENTATION('',(#2240),#2244);
#2240 = LINE('',#2241,#2242);
#2241 = CARTESIAN_POINT('',(-24.42473369486,-40.19414615232));
#2242 = VECTOR('',#2243,1.);
#2243 = DIRECTION('',(0.,1.));
#2244 = ( GEOMETRIC_REPRESENTATION_CONTEXT(2) 
PARAMETRIC_REPRESENTATION_CONTEXT() REPRESENTATION_CONTEXT('2D SPACE',''
  ) );
#2245 = ORIENTED_EDGE('',*,*,#2246,.T.);
#2246 = EDGE_CURVE('',#2224,#2247,#2249,.T.);
#2247 = VERTEX_POINT('',#2248);
#2248 = CARTESIAN_POINT('',(15.000000000007,-7.880000000008,10.));
#2249 = SURFACE_CURVE('',#2250,(#2254,#2261),.PCURVE_S1.);
#2250 = LINE('',#2251,#2252);
#2251 = CARTESIAN_POINT('',(15.000000000007,-12.,10.));
#2252 = VECTOR('',#2253,1.);
#2253 = DIRECTION('',(0.,1.,0.));
#2254 = PCURVE('',#420,#2255);
#2255 = DEFINITIONAL_REPRESENTATION('',(#2256),#2260);
#2256 = LINE('',#2257,#2258);
#2257 = CARTESIAN_POINT('',(11.455861526364,-7.700511408348));
#2258 = VECTOR('',#2259,1.);
#2259 = DIRECTION('',(0.,1.));
#2260 = ( GEOMETRIC_REPRESENTATION_CONTEXT(2) 
PARAMETRIC_REPRESENTATION_CONTEXT() REPRESENTATION_CONTEXT('2D SPACE',''
  ) );
#2261 = PCURVE('',#2262,#2267);
#2262 = CYLINDRICAL_SURFACE('',#2263,3.);
#2263 = AXIS2_PLACEMENT_3D('',#2264,#2265,#2266);
#2264 = CARTESIAN_POINT('',(15.000000000007,-12.,13.));
#2265 = DIRECTION('',(0.,1.,0.));
#2266 = DIRECTION('',(-8.881784197001E-16,0.,-1.));
#2267 = DEFINITIONAL_REPRESENTATION('',(#2268),#2272);
#2268 = LINE('',#2269,#2270);
#2269 = CARTESIAN_POINT('',(-0.,0.));
#2270 = VECTOR('',#2271,1.);
#2271 = DIRECTION('',(-0.,1.));
#2272 = ( GEOMETRIC_REPRESENTATION_CONTEXT(2) 
PARAMETRIC_REPRESENTATION_CONTEXT() REPRESENTATION_CONTEXT('2D SPACE',''
  ) );
#2273 = ORIENTED_EDGE('',*,*,#2274,.T.);
#2274 = EDGE_CURVE('',#2247,#1346,#2275,.T.);
#2275 = SURFACE_CURVE('',#2276,(#2280,#2287),.PCURVE_S1.);
#2276 = LINE('',#2277,#2278);
#2277 = CARTESIAN_POINT('',(14.999999999996,-7.880000000008,10.));
#2278 = VECTOR('',#2279,1.);
#2279 = DIRECTION('',(-2.173716956046E-12,1.,1.649934759909E-27));
#2280 = PCURVE('',#420,#2281);
#2281 = DEFINITIONAL_REPRESENTATION('',(#2282),#2286);
#2282 = LINE('',#2283,#2284);
#2283 = CARTESIAN_POINT('',(11.455861526353,-3.580511408348));
#2284 = VECTOR('',#2285,1.);
#2285 = DIRECTION('',(-2.173716956046E-12,1.));
#2286 = ( GEOMETRIC_REPRESENTATION_CONTEXT(2) 
PARAMETRIC_REPRESENTATION_CONTEXT() REPRESENTATION_CONTEXT('2D SPACE',''
  ) );
#2287 = PCURVE('',#2288,#2293);
#2288 = CYLINDRICAL_SURFACE('',#2289,3.);
#2289 = AXIS2_PLACEMENT_3D('',#2290,#2291,#2292);
#2290 = CARTESIAN_POINT('',(14.999999999996,-7.880000000008,13.));
#2291 = DIRECTION('',(-2.173716956046E-12,1.,1.649934759909E-27));
#2292 = DIRECTION('',(-8.881784197001E-16,-2.019483917366E-28,-1.));
#2293 = DEFINITIONAL_REPRESENTATION('',(#2294),#2298);
#2294 = LINE('',#2295,#2296);
#2295 = CARTESIAN_POINT('',(-0.,0.));
#2296 = VECTOR('',#2297,1.);
#2297 = DIRECTION('',(-0.,1.));
#2298 = ( GEOMETRIC_REPRESENTATION_CONTEXT(2) 
PARAMETRIC_REPRESENTATION_CONTEXT() REPRESENTATION_CONTEXT('2D SPACE',''
  ) );
#2299 = ORIENTED_EDGE('',*,*,#1345,.F.);
#2300 = FACE_BOUND('',#2301,.T.);
#2301 = EDGE_LOOP('',(#2302));
#2302 = ORIENTED_EDGE('',*,*,#2303,.F.);
#2303 = EDGE_CURVE('',#2304,#2304,#2306,.T.);
#2304 = VERTEX_POINT('',#2305);
#2305 = CARTESIAN_POINT('',(-18.75,2.,10.));
#2306 = SURFACE_CURVE('',#2307,(#2312,#2319),.PCURVE_S1.);
#2307 = CIRCLE('',#2308,2.25);
#2308 = AXIS2_PLACEMENT_3D('',#2309,#2310,#2311);
#2309 = CARTESIAN_POINT('',(-21.,2.,10.));
#2310 = DIRECTION('',(0.,0.,1.));
#2311 = DIRECTION('',(1.,0.,0.));
#2312 = PCURVE('',#420,#2313);
#2313 = DEFINITIONAL_REPRESENTATION('',(#2314),#2318);
#2314 = CIRCLE('',#2315,2.25);
#2315 = AXIS2_PLACEMENT_2D('',#2316,#2317);
#2316 = CARTESIAN_POINT('',(-24.54413847364,6.29948859166));
#2317 = DIRECTION('',(1.,0.));
#2318 = ( GEOMETRIC_REPRESENTATION_CONTEXT(2) 
PARAMETRIC_REPRESENTATION_CONTEXT() REPRESENTATION_CONTEXT('2D SPACE',''
  ) );
#2319 = PCURVE('',#843,#2320);
#2320 = DEFINITIONAL_REPRESENTATION('',(#2321),#2325);
#2321 = LINE('',#2322,#2323);
#2322 = CARTESIAN_POINT('',(0.,0.));
#2323 = VECTOR('',#2324,1.);
#2324 = DIRECTION('',(1.,0.));
#2325 = ( GEOMETRIC_REPRESENTATION_CONTEXT(2) 
PARAMETRIC_REPRESENTATION_CONTEXT() REPRESENTATION_CONTEXT('2D SPACE',''
  ) );
#2326 = FACE_BOUND('',#2327,.T.);
#2327 = EDGE_LOOP('',(#2328));
#2328 = ORIENTED_EDGE('',*,*,#2329,.F.);
#2329 = EDGE_CURVE('',#2330,#2330,#2332,.T.);
#2330 = VERTEX_POINT('',#2331);
#2331 = CARTESIAN_POINT('',(-3.75,2.,10.));
#2332 = SURFACE_CURVE('',#2333,(#2338,#2345),.PCURVE_S1.);
#2333 = CIRCLE('',#2334,2.25);
#2334 = AXIS2_PLACEMENT_3D('',#2335,#2336,#2337);
#2335 = CARTESIAN_POINT('',(-6.,2.,10.));
#2336 = DIRECTION('',(0.,0.,1.));
#2337 = DIRECTION('',(1.,0.,0.));
#2338 = PCURVE('',#420,#2339);
#2339 = DEFINITIONAL_REPRESENTATION('',(#2340),#2344);
#2340 = CIRCLE('',#2341,2.25);
#2341 = AXIS2_PLACEMENT_2D('',#2342,#2343);
#2342 = CARTESIAN_POINT('',(-9.544138473643,6.29948859166));
#2343 = DIRECTION('',(1.,0.));
#2344 = ( GEOMETRIC_REPRESENTATION_CONTEXT(2) 
PARAMETRIC_REPRESENTATION_CONTEXT() REPRESENTATION_CONTEXT('2D SPACE',''
  ) );
#2345 = PCURVE('',#874,#2346);
#2346 = DEFINITIONAL_REPRESENTATION('',(#2347),#2351);
#2347 = LINE('',#2348,#2349);
#2348 = CARTESIAN_POINT('',(0.,0.));
#2349 = VECTOR('',#2350,1.);
#2350 = DIRECTION('',(1.,0.));
#2351 = ( GEOMETRIC_REPRESENTATION_CONTEXT(2) 
PARAMETRIC_REPRESENTATION_CONTEXT() REPRESENTATION_CONTEXT('2D SPACE',''
  ) );
#2352 = ADVANCED_FACE('',(#2353),#693,.T.);
#2353 = FACE_BOUND('',#2354,.T.);
#2354 = EDGE_LOOP('',(#2355,#2356,#2357,#2358,#2381,#2402,#2403));
#2355 = ORIENTED_EDGE('',*,*,#731,.F.);
#2356 = ORIENTED_EDGE('',*,*,#778,.T.);
#2357 = ORIENTED_EDGE('',*,*,#942,.T.);
#2358 = ORIENTED_EDGE('',*,*,#2359,.T.);
#2359 = EDGE_CURVE('',#915,#2360,#2362,.T.);
#2360 = VERTEX_POINT('',#2361);
#2361 = CARTESIAN_POINT('',(-41.,-12.,-3.75));
#2362 = SURFACE_CURVE('',#2363,(#2367,#2374),.PCURVE_S1.);
#2363 = LINE('',#2364,#2365);
#2364 = CARTESIAN_POINT('',(-41.,0.,-3.75));
#2365 = VECTOR('',#2366,1.);
#2366 = DIRECTION('',(0.,-1.,2.2E-16));
#2367 = PCURVE('',#693,#2368);
#2368 = DEFINITIONAL_REPRESENTATION('',(#2369),#2373);
#2369 = LINE('',#2370,#2371);
#2370 = CARTESIAN_POINT('',(-3.125,-5.125));
#2371 = VECTOR('',#2372,1.);
#2372 = DIRECTION('',(-2.2E-16,1.));
#2373 = ( GEOMETRIC_REPRESENTATION_CONTEXT(2) 
PARAMETRIC_REPRESENTATION_CONTEXT() REPRESENTATION_CONTEXT('2D SPACE',''
  ) );
#2374 = PCURVE('',#930,#2375);
#2375 = DEFINITIONAL_REPRESENTATION('',(#2376),#2380);
#2376 = LINE('',#2377,#2378);
#2377 = CARTESIAN_POINT('',(3.765809889881E-14,8.5));
#2378 = VECTOR('',#2379,1.);
#2379 = DIRECTION('',(1.275544451972E-18,-1.));
#2380 = ( GEOMETRIC_REPRESENTATION_CONTEXT(2) 
PARAMETRIC_REPRESENTATION_CONTEXT() REPRESENTATION_CONTEXT('2D SPACE',''
  ) );
#2381 = ORIENTED_EDGE('',*,*,#2382,.T.);
#2382 = EDGE_CURVE('',#2360,#2201,#2383,.T.);
#2383 = SURFACE_CURVE('',#2384,(#2388,#2395),.PCURVE_S1.);
#2384 = LINE('',#2385,#2386);
#2385 = CARTESIAN_POINT('',(-41.,-12.,-1.33226762955E-14));
#2386 = VECTOR('',#2387,1.);
#2387 = DIRECTION('',(0.,0.,1.));
#2388 = PCURVE('',#693,#2389);
#2389 = DEFINITIONAL_REPRESENTATION('',(#2390),#2394);
#2390 = LINE('',#2391,#2392);
#2391 = CARTESIAN_POINT('',(-6.875,6.875));
#2392 = VECTOR('',#2393,1.);
#2393 = DIRECTION('',(-1.,0.));
#2394 = ( GEOMETRIC_REPRESENTATION_CONTEXT(2) 
PARAMETRIC_REPRESENTATION_CONTEXT() REPRESENTATION_CONTEXT('2D SPACE',''
  ) );
#2395 = PCURVE('',#101,#2396);
#2396 = DEFINITIONAL_REPRESENTATION('',(#2397),#2401);
#2397 = LINE('',#2398,#2399);
#2398 = CARTESIAN_POINT('',(-14.42473369486,-40.19414615232));
#2399 = VECTOR('',#2400,1.);
#2400 = DIRECTION('',(-1.,0.));
#2401 = ( GEOMETRIC_REPRESENTATION_CONTEXT(2) 
PARAMETRIC_REPRESENTATION_CONTEXT() REPRESENTATION_CONTEXT('2D SPACE',''
  ) );
#2402 = ORIENTED_EDGE('',*,*,#2200,.F.);
#2403 = ORIENTED_EDGE('',*,*,#676,.T.);
#2404 = ADVANCED_FACE('',(#2405),#843,.F.);
#2405 = FACE_BOUND('',#2406,.F.);
#2406 = EDGE_LOOP('',(#2407,#2428,#2429,#2430));
#2407 = ORIENTED_EDGE('',*,*,#2408,.T.);
#2408 = EDGE_CURVE('',#2304,#827,#2409,.T.);
#2409 = SEAM_CURVE('',#2410,(#2414,#2421),.PCURVE_S1.);
#2410 = LINE('',#2411,#2412);
#2411 = CARTESIAN_POINT('',(-18.75,2.,10.));
#2412 = VECTOR('',#2413,1.);
#2413 = DIRECTION('',(-6.661338147751E-16,0.,-1.));
#2414 = PCURVE('',#843,#2415);
#2415 = DEFINITIONAL_REPRESENTATION('',(#2416),#2420);
#2416 = LINE('',#2417,#2418);
#2417 = CARTESIAN_POINT('',(0.,0.));
#2418 = VECTOR('',#2419,1.);
#2419 = DIRECTION('',(0.,-1.));
#2420 = ( GEOMETRIC_REPRESENTATION_CONTEXT(2) 
PARAMETRIC_REPRESENTATION_CONTEXT() REPRESENTATION_CONTEXT('2D SPACE',''
  ) );
#2421 = PCURVE('',#843,#2422);
#2422 = DEFINITIONAL_REPRESENTATION('',(#2423),#2427);
#2423 = LINE('',#2424,#2425);
#2424 = CARTESIAN_POINT('',(6.28318530718,0.));
#2425 = VECTOR('',#2426,1.);
#2426 = DIRECTION('',(0.,-1.));
#2427 = ( GEOMETRIC_REPRESENTATION_CONTEXT(2) 
PARAMETRIC_REPRESENTATION_CONTEXT() REPRESENTATION_CONTEXT('2D SPACE',''
  ) );
#2428 = ORIENTED_EDGE('',*,*,#826,.T.);
#2429 = ORIENTED_EDGE('',*,*,#2408,.F.);
#2430 = ORIENTED_EDGE('',*,*,#2303,.F.);
#2431 = ADVANCED_FACE('',(#2432),#874,.F.);
#2432 = FACE_BOUND('',#2433,.F.);
#2433 = EDGE_LOOP('',(#2434,#2455,#2456,#2457));
#2434 = ORIENTED_EDGE('',*,*,#2435,.T.);
#2435 = EDGE_CURVE('',#2330,#858,#2436,.T.);
#2436 = SEAM_CURVE('',#2437,(#2441,#2448),.PCURVE_S1.);
#2437 = LINE('',#2438,#2439);
#2438 = CARTESIAN_POINT('',(-3.75,2.,10.));
#2439 = VECTOR('',#2440,1.);
#2440 = DIRECTION('',(-6.661338147751E-16,0.,-1.));
#2441 = PCURVE('',#874,#2442);
#2442 = DEFINITIONAL_REPRESENTATION('',(#2443),#2447);
#2443 = LINE('',#2444,#2445);
#2444 = CARTESIAN_POINT('',(0.,0.));
#2445 = VECTOR('',#2446,1.);
#2446 = DIRECTION('',(0.,-1.));
#2447 = ( GEOMETRIC_REPRESENTATION_CONTEXT(2) 
PARAMETRIC_REPRESENTATION_CONTEXT() REPRESENTATION_CONTEXT('2D SPACE',''
  ) );
#2448 = PCURVE('',#874,#2449);
#2449 = DEFINITIONAL_REPRESENTATION('',(#2450),#2454);
#2450 = LINE('',#2451,#2452);
#2451 = CARTESIAN_POINT('',(6.28318530718,0.));
#2452 = VECTOR('',#2453,1.);
#2453 = DIRECTION('',(0.,-1.));
#2454 = ( GEOMETRIC_REPRESENTATION_CONTEXT(2) 
PARAMETRIC_REPRESENTATION_CONTEXT() REPRESENTATION_CONTEXT('2D SPACE',''
  ) );
#2455 = ORIENTED_EDGE('',*,*,#857,.T.);
#2456 = ORIENTED_EDGE('',*,*,#2435,.F.);
#2457 = ORIENTED_EDGE('',*,*,#2329,.F.);
#2458 = ADVANCED_FACE('',(#2459),#930,.F.);
#2459 = FACE_BOUND('',#2460,.F.);
#2460 = EDGE_LOOP('',(#2461,#2462,#2483,#2504));
#2461 = ORIENTED_EDGE('',*,*,#2359,.T.);
#2462 = ORIENTED_EDGE('',*,*,#2463,.T.);
#2463 = EDGE_CURVE('',#2360,#86,#2464,.T.);
#2464 = SURFACE_CURVE('',#2465,(#2469,#2476),.PCURVE_S1.);
#2465 = LINE('',#2466,#2467);
#2466 = CARTESIAN_POINT('',(-41.,-12.,-3.75));
#2467 = VECTOR('',#2468,1.);
#2468 = DIRECTION('',(0.781537199878,-1.385244456936E-16,-0.623858642008
    ));
#2469 = PCURVE('',#930,#2470);
#2470 = DEFINITIONAL_REPRESENTATION('',(#2471),#2475);
#2471 = LINE('',#2472,#2473);
#2472 = CARTESIAN_POINT('',(-9.004088970086E-16,-3.5));
#2473 = VECTOR('',#2474,1.);
#2474 = DIRECTION('',(1.,2.465190328816E-32));
#2475 = ( GEOMETRIC_REPRESENTATION_CONTEXT(2) 
PARAMETRIC_REPRESENTATION_CONTEXT() REPRESENTATION_CONTEXT('2D SPACE',''
  ) );
#2476 = PCURVE('',#101,#2477);
#2477 = DEFINITIONAL_REPRESENTATION('',(#2478),#2482);
#2478 = LINE('',#2479,#2480);
#2479 = CARTESIAN_POINT('',(-10.67473369486,-40.19414615232));
#2480 = VECTOR('',#2481,1.);
#2481 = DIRECTION('',(0.623858642008,0.781537199878));
#2482 = ( GEOMETRIC_REPRESENTATION_CONTEXT(2) 
PARAMETRIC_REPRESENTATION_CONTEXT() REPRESENTATION_CONTEXT('2D SPACE',''
  ) );
#2483 = ORIENTED_EDGE('',*,*,#2484,.F.);
#2484 = EDGE_CURVE('',#892,#86,#2485,.T.);
#2485 = SURFACE_CURVE('',#2486,(#2490,#2497),.PCURVE_S1.);
#2486 = LINE('',#2487,#2488);
#2487 = CARTESIAN_POINT('',(-12.5,-8.5,-26.5));
#2488 = VECTOR('',#2489,1.);
#2489 = DIRECTION('',(-2.465190328816E-32,-1.,2.22044604925E-16));
#2490 = PCURVE('',#930,#2491);
#2491 = DEFINITIONAL_REPRESENTATION('',(#2492),#2496);
#2492 = LINE('',#2493,#2494);
#2493 = CARTESIAN_POINT('',(36.466594302183,-2.775557561563E-16));
#2494 = VECTOR('',#2495,1.);
#2495 = DIRECTION('',(0.,-1.));
#2496 = ( GEOMETRIC_REPRESENTATION_CONTEXT(2) 
PARAMETRIC_REPRESENTATION_CONTEXT() REPRESENTATION_CONTEXT('2D SPACE',''
  ) );
#2497 = PCURVE('',#129,#2498);
#2498 = DEFINITIONAL_REPRESENTATION('',(#2499),#2503);
#2499 = LINE('',#2500,#2501);
#2500 = CARTESIAN_POINT('',(24.47387010555,10.85035003251));
#2501 = VECTOR('',#2502,1.);
#2502 = DIRECTION('',(1.232595164408E-31,-1.));
#2503 = ( GEOMETRIC_REPRESENTATION_CONTEXT(2) 
PARAMETRIC_REPRESENTATION_CONTEXT() REPRESENTATION_CONTEXT('2D SPACE',''
  ) );
#2504 = ORIENTED_EDGE('',*,*,#914,.F.);
#2505 = ADVANCED_FACE('',(#2506),#1279,.F.);
#2506 = FACE_BOUND('',#2507,.F.);
#2507 = EDGE_LOOP('',(#2508,#2531,#2532,#2533));
#2508 = ORIENTED_EDGE('',*,*,#2509,.F.);
#2509 = EDGE_CURVE('',#1263,#2510,#2512,.T.);
#2510 = VERTEX_POINT('',#2511);
#2511 = CARTESIAN_POINT('',(30.1,-10.69,-26.5));
#2512 = SEAM_CURVE('',#2513,(#2517,#2524),.PCURVE_S1.);
#2513 = LINE('',#2514,#2515);
#2514 = CARTESIAN_POINT('',(30.1,-10.69,48.));
#2515 = VECTOR('',#2516,1.);
#2516 = DIRECTION('',(-6.661338147751E-16,0.,-1.));
#2517 = PCURVE('',#1279,#2518);
#2518 = DEFINITIONAL_REPRESENTATION('',(#2519),#2523);
#2519 = LINE('',#2520,#2521);
#2520 = CARTESIAN_POINT('',(6.28318530718,0.));
#2521 = VECTOR('',#2522,1.);
#2522 = DIRECTION('',(0.,-1.));
#2523 = ( GEOMETRIC_REPRESENTATION_CONTEXT(2) 
PARAMETRIC_REPRESENTATION_CONTEXT() REPRESENTATION_CONTEXT('2D SPACE',''
  ) );
#2524 = PCURVE('',#1279,#2525);
#2525 = DEFINITIONAL_REPRESENTATION('',(#2526),#2530);
#2526 = LINE('',#2527,#2528);
#2527 = CARTESIAN_POINT('',(0.,0.));
#2528 = VECTOR('',#2529,1.);
#2529 = DIRECTION('',(0.,-1.));
#2530 = ( GEOMETRIC_REPRESENTATION_CONTEXT(2) 
PARAMETRIC_REPRESENTATION_CONTEXT() REPRESENTATION_CONTEXT('2D SPACE',''
  ) );
#2531 = ORIENTED_EDGE('',*,*,#1262,.F.);
#2532 = ORIENTED_EDGE('',*,*,#2509,.T.);
#2533 = ORIENTED_EDGE('',*,*,#2534,.T.);
#2534 = EDGE_CURVE('',#2510,#2510,#2535,.T.);
#2535 = SURFACE_CURVE('',#2536,(#2541,#2548),.PCURVE_S1.);
#2536 = CIRCLE('',#2537,0.6);
#2537 = AXIS2_PLACEMENT_3D('',#2538,#2539,#2540);
#2538 = CARTESIAN_POINT('',(29.5,-10.69,-26.5));
#2539 = DIRECTION('',(6.661338147751E-16,-0.,1.));
#2540 = DIRECTION('',(1.,0.,-6.661338147751E-16));
#2541 = PCURVE('',#1279,#2542);
#2542 = DEFINITIONAL_REPRESENTATION('',(#2543),#2547);
#2543 = LINE('',#2544,#2545);
#2544 = CARTESIAN_POINT('',(0.,-74.5));
#2545 = VECTOR('',#2546,1.);
#2546 = DIRECTION('',(1.,0.));
#2547 = ( GEOMETRIC_REPRESENTATION_CONTEXT(2) 
PARAMETRIC_REPRESENTATION_CONTEXT() REPRESENTATION_CONTEXT('2D SPACE',''
  ) );
#2548 = PCURVE('',#129,#2549);
#2549 = DEFINITIONAL_REPRESENTATION('',(#2550),#2558);
#2550 = ( BOUNDED_CURVE() B_SPLINE_CURVE(2,(#2551,#2552,#2553,#2554,
#2555,#2556,#2557),.UNSPECIFIED.,.T.,.F.) B_SPLINE_CURVE_WITH_KNOTS((1,2
    ,2,2,2,1),(-2.094395102393,0.,2.094395102393,4.188790204786,
6.28318530718,8.377580409573),.UNSPECIFIED.) CURVE() 
GEOMETRIC_REPRESENTATION_ITEM() RATIONAL_B_SPLINE_CURVE((1.,0.5,1.,0.5,
1.,0.5,1.)) REPRESENTATION_ITEM('') );
#2551 = CARTESIAN_POINT('',(-18.12612989445,8.66035003251));
#2552 = CARTESIAN_POINT('',(-18.12612989445,9.699580517051));
#2553 = CARTESIAN_POINT('',(-17.22612989445,9.17996527478));
#2554 = CARTESIAN_POINT('',(-16.32612989445,8.66035003251));
#2555 = CARTESIAN_POINT('',(-17.22612989445,8.140734790239));
#2556 = CARTESIAN_POINT('',(-18.12612989445,7.621119547968));
#2557 = CARTESIAN_POINT('',(-18.12612989445,8.66035003251));
#2558 = ( GEOMETRIC_REPRESENTATION_CONTEXT(2) 
PARAMETRIC_REPRESENTATION_CONTEXT() REPRESENTATION_CONTEXT('2D SPACE',''
  ) );
#2559 = ADVANCED_FACE('',(#2560),#1248,.F.);
#2560 = FACE_BOUND('',#2561,.F.);
#2561 = EDGE_LOOP('',(#2562,#2585,#2586,#2587));
#2562 = ORIENTED_EDGE('',*,*,#2563,.F.);
#2563 = EDGE_CURVE('',#1232,#2564,#2566,.T.);
#2564 = VERTEX_POINT('',#2565);
#2565 = CARTESIAN_POINT('',(22.1,-10.69,-26.5));
#2566 = SEAM_CURVE('',#2567,(#2571,#2578),.PCURVE_S1.);
#2567 = LINE('',#2568,#2569);
#2568 = CARTESIAN_POINT('',(22.1,-10.69,48.));
#2569 = VECTOR('',#2570,1.);
#2570 = DIRECTION('',(-6.661338147751E-16,0.,-1.));
#2571 = PCURVE('',#1248,#2572);
#2572 = DEFINITIONAL_REPRESENTATION('',(#2573),#2577);
#2573 = LINE('',#2574,#2575);
#2574 = CARTESIAN_POINT('',(6.28318530718,0.));
#2575 = VECTOR('',#2576,1.);
#2576 = DIRECTION('',(0.,-1.));
#2577 = ( GEOMETRIC_REPRESENTATION_CONTEXT(2) 
PARAMETRIC_REPRESENTATION_CONTEXT() REPRESENTATION_CONTEXT('2D SPACE',''
  ) );
#2578 = PCURVE('',#1248,#2579);
#2579 = DEFINITIONAL_REPRESENTATION('',(#2580),#2584);
#2580 = LINE('',#2581,#2582);
#2581 = CARTESIAN_POINT('',(0.,0.));
#2582 = VECTOR('',#2583,1.);
#2583 = DIRECTION('',(0.,-1.));
#2584 = ( GEOMETRIC_REPRESENTATION_CONTEXT(2) 
PARAMETRIC_REPRESENTATION_CONTEXT() REPRESENTATION_CONTEXT('2D SPACE',''
  ) );
#2585 = ORIENTED_EDGE('',*,*,#1231,.F.);
#2586 = ORIENTED_EDGE('',*,*,#2563,.T.);
#2587 = ORIENTED_EDGE('',*,*,#2588,.T.);
#2588 = EDGE_CURVE('',#2564,#2564,#2589,.T.);
#2589 = SURFACE_CURVE('',#2590,(#2595,#2602),.PCURVE_S1.);
#2590 = CIRCLE('',#2591,0.6);
#2591 = AXIS2_PLACEMENT_3D('',#2592,#2593,#2594);
#2592 = CARTESIAN_POINT('',(21.5,-10.69,-26.5));
#2593 = DIRECTION('',(6.661338147751E-16,-0.,1.));
#2594 = DIRECTION('',(1.,0.,-6.661338147751E-16));
#2595 = PCURVE('',#1248,#2596);
#2596 = DEFINITIONAL_REPRESENTATION('',(#2597),#2601);
#2597 = LINE('',#2598,#2599);
#2598 = CARTESIAN_POINT('',(0.,-74.5));
#2599 = VECTOR('',#2600,1.);
#2600 = DIRECTION('',(1.,0.));
#2601 = ( GEOMETRIC_REPRESENTATION_CONTEXT(2) 
PARAMETRIC_REPRESENTATION_CONTEXT() REPRESENTATION_CONTEXT('2D SPACE',''
  ) );
#2602 = PCURVE('',#129,#2603);
#2603 = DEFINITIONAL_REPRESENTATION('',(#2604),#2612);
#2604 = ( BOUNDED_CURVE() B_SPLINE_CURVE(2,(#2605,#2606,#2607,#2608,
#2609,#2610,#2611),.UNSPECIFIED.,.T.,.F.) B_SPLINE_CURVE_WITH_KNOTS((1,2
    ,2,2,2,1),(-2.094395102393,0.,2.094395102393,4.188790204786,
6.28318530718,8.377580409573),.UNSPECIFIED.) CURVE() 
GEOMETRIC_REPRESENTATION_ITEM() RATIONAL_B_SPLINE_CURVE((1.,0.5,1.,0.5,
1.,0.5,1.)) REPRESENTATION_ITEM('') );
#2605 = CARTESIAN_POINT('',(-10.12612989445,8.66035003251));
#2606 = CARTESIAN_POINT('',(-10.12612989445,9.699580517051));
#2607 = CARTESIAN_POINT('',(-9.22612989445,9.17996527478));
#2608 = CARTESIAN_POINT('',(-8.32612989445,8.66035003251));
#2609 = CARTESIAN_POINT('',(-9.22612989445,8.140734790239));
#2610 = CARTESIAN_POINT('',(-10.12612989445,7.621119547968));
#2611 = CARTESIAN_POINT('',(-10.12612989445,8.66035003251));
#2612 = ( GEOMETRIC_REPRESENTATION_CONTEXT(2) 
PARAMETRIC_REPRESENTATION_CONTEXT() REPRESENTATION_CONTEXT('2D SPACE',''
  ) );
#2613 = ADVANCED_FACE('',(#2614),#328,.T.);
#2614 = FACE_BOUND('',#2615,.T.);
#2615 = EDGE_LOOP('',(#2616,#2639,#2640,#2641,#2642,#2665));
#2616 = ORIENTED_EDGE('',*,*,#2617,.F.);
#2617 = EDGE_CURVE('',#967,#2618,#2620,.T.);
#2618 = VERTEX_POINT('',#2619);
#2619 = CARTESIAN_POINT('',(23.45,-17.68751391983,-26.5));
#2620 = SURFACE_CURVE('',#2621,(#2625,#2632),.PCURVE_S1.);
#2621 = LINE('',#2622,#2623);
#2622 = CARTESIAN_POINT('',(23.45,-28.95,-26.5));
#2623 = VECTOR('',#2624,1.);
#2624 = DIRECTION('',(0.,-1.,0.));
#2625 = PCURVE('',#328,#2626);
#2626 = DEFINITIONAL_REPRESENTATION('',(#2627),#2631);
#2627 = LINE('',#2628,#2629);
#2628 = CARTESIAN_POINT('',(-36.5406309789,4.919464290701));
#2629 = VECTOR('',#2630,1.);
#2630 = DIRECTION('',(0.,1.));
#2631 = ( GEOMETRIC_REPRESENTATION_CONTEXT(2) 
PARAMETRIC_REPRESENTATION_CONTEXT() REPRESENTATION_CONTEXT('2D SPACE',''
  ) );
#2632 = PCURVE('',#129,#2633);
#2633 = DEFINITIONAL_REPRESENTATION('',(#2634),#2638);
#2634 = LINE('',#2635,#2636);
#2635 = CARTESIAN_POINT('',(-11.47612989445,-9.59964996749));
#2636 = VECTOR('',#2637,1.);
#2637 = DIRECTION('',(0.,-1.));
#2638 = ( GEOMETRIC_REPRESENTATION_CONTEXT(2) 
PARAMETRIC_REPRESENTATION_CONTEXT() REPRESENTATION_CONTEXT('2D SPACE',''
  ) );
#2639 = ORIENTED_EDGE('',*,*,#1013,.T.);
#2640 = ORIENTED_EDGE('',*,*,#1090,.T.);
#2641 = ORIENTED_EDGE('',*,*,#312,.F.);
#2642 = ORIENTED_EDGE('',*,*,#2643,.F.);
#2643 = EDGE_CURVE('',#2644,#313,#2646,.T.);
#2644 = VERTEX_POINT('',#2645);
#2645 = CARTESIAN_POINT('',(23.45,-28.91248608016,-26.5));
#2646 = SURFACE_CURVE('',#2647,(#2651,#2658),.PCURVE_S1.);
#2647 = LINE('',#2648,#2649);
#2648 = CARTESIAN_POINT('',(23.45,-33.,-26.5));
#2649 = VECTOR('',#2650,1.);
#2650 = DIRECTION('',(0.,-1.,0.));
#2651 = PCURVE('',#328,#2652);
#2652 = DEFINITIONAL_REPRESENTATION('',(#2653),#2657);
#2653 = LINE('',#2654,#2655);
#2654 = CARTESIAN_POINT('',(-36.5406309789,8.969464290701));
#2655 = VECTOR('',#2656,1.);
#2656 = DIRECTION('',(0.,1.));
#2657 = ( GEOMETRIC_REPRESENTATION_CONTEXT(2) 
PARAMETRIC_REPRESENTATION_CONTEXT() REPRESENTATION_CONTEXT('2D SPACE',''
  ) );
#2658 = PCURVE('',#129,#2659);
#2659 = DEFINITIONAL_REPRESENTATION('',(#2660),#2664);
#2660 = LINE('',#2661,#2662);
#2661 = CARTESIAN_POINT('',(-11.47612989445,-13.64964996749));
#2662 = VECTOR('',#2663,1.);
#2663 = DIRECTION('',(0.,-1.));
#2664 = ( GEOMETRIC_REPRESENTATION_CONTEXT(2) 
PARAMETRIC_REPRESENTATION_CONTEXT() REPRESENTATION_CONTEXT('2D SPACE',''
  ) );
#2665 = ORIENTED_EDGE('',*,*,#2666,.F.);
#2666 = EDGE_CURVE('',#2618,#2644,#2667,.T.);
#2667 = SURFACE_CURVE('',#2668,(#2673,#2680),.PCURVE_S1.);
#2668 = ELLIPSE('',#2669,8.485281374239,6.);
#2669 = AXIS2_PLACEMENT_3D('',#2670,#2671,#2672);
#2670 = CARTESIAN_POINT('',(23.45,-23.3,-29.5));
#2671 = DIRECTION('',(1.,0.,-6.661338147751E-16));
#2672 = DIRECTION('',(-6.661338147751E-16,0.,-1.));
#2673 = PCURVE('',#328,#2674);
#2674 = DEFINITIONAL_REPRESENTATION('',(#2675),#2679);
#2675 = ELLIPSE('',#2676,8.485281374239,6.);
#2676 = AXIS2_PLACEMENT_2D('',#2677,#2678);
#2677 = CARTESIAN_POINT('',(-39.5406309789,-0.730535709299));
#2678 = DIRECTION('',(-1.,1.479114197289E-31));
#2679 = ( GEOMETRIC_REPRESENTATION_CONTEXT(2) 
PARAMETRIC_REPRESENTATION_CONTEXT() REPRESENTATION_CONTEXT('2D SPACE',''
  ) );
#2680 = PCURVE('',#2681,#2686);
#2681 = CYLINDRICAL_SURFACE('',#2682,6.);
#2682 = AXIS2_PLACEMENT_3D('',#2683,#2684,#2685);
#2683 = CARTESIAN_POINT('',(21.32867965644,-23.3,-31.62132034356));
#2684 = DIRECTION('',(-0.707106781187,-0.,-0.707106781187));
#2685 = DIRECTION('',(0.707106781187,0.,-0.707106781187));
#2686 = DEFINITIONAL_REPRESENTATION('',(#2687),#2711);
#2687 = B_SPLINE_CURVE_WITH_KNOTS('',8,(#2688,#2689,#2690,#2691,#2692,
    #2693,#2694,#2695,#2696,#2697,#2698,#2699,#2700,#2701,#2702,#2703,
    #2704,#2705,#2706,#2707,#2708,#2709,#2710),.UNSPECIFIED.,.F.,.F.,(9,
    7,7,9),(1.047142273196,2.094367463393,3.665205248688,5.236043033984)
  ,.UNSPECIFIED.);
#2688 = CARTESIAN_POINT('',(-1.047142273196,2.872283337769E-04));
#2689 = CARTESIAN_POINT('',(-1.17804542197,-0.679883776079));
#2690 = CARTESIAN_POINT('',(-1.308948570745,-1.418811161564));
#2691 = CARTESIAN_POINT('',(-1.43985171952,-2.198734592932));
#2692 = CARTESIAN_POINT('',(-1.570754868295,-2.999746309787));
#2693 = CARTESIAN_POINT('',(-1.701658017069,-3.800763034636));
#2694 = CARTESIAN_POINT('',(-1.832561165843,-4.580701303887));
#2695 = CARTESIAN_POINT('',(-1.963464314618,-5.319652814914));
#2696 = CARTESIAN_POINT('',(-2.290722186555,-7.020161733618));
#2697 = CARTESIAN_POINT('',(-2.48707690972,-7.908284349828));
#2698 = CARTESIAN_POINT('',(-2.683431632864,-8.60427942871));
#2699 = CARTESIAN_POINT('',(-2.879786356054,-9.059080539235));
#2700 = CARTESIAN_POINT('',(-3.076141079182,-9.241867764616));
#2701 = CARTESIAN_POINT('',(-3.272495802368,-9.145310875625));
#2702 = CARTESIAN_POINT('',(-3.468850525526,-8.785189233024));
#2703 = CARTESIAN_POINT('',(-3.86155997185,-7.607032694395));
#2704 = CARTESIAN_POINT('',(-4.057914695004,-6.788997518597));
#2705 = CARTESIAN_POINT('',(-4.254269418185,-5.776617454105));
#2706 = CARTESIAN_POINT('',(-4.450624141329,-4.623319408311));
#2707 = CARTESIAN_POINT('',(-4.64697886451,-3.39714472444));
#2708 = CARTESIAN_POINT('',(-4.843333587653,-2.172427988894));
#2709 = CARTESIAN_POINT('',(-5.039688310822,-1.019969278286));
#2710 = CARTESIAN_POINT('',(-5.236043033984,2.872283337769E-04));
#2711 = ( GEOMETRIC_REPRESENTATION_CONTEXT(2) 
PARAMETRIC_REPRESENTATION_CONTEXT() REPRESENTATION_CONTEXT('2D SPACE',''
  ) );
#2712 = ADVANCED_FACE('',(#2713,#2765),#2681,.F.);
#2713 = FACE_BOUND('',#2714,.T.);
#2714 = EDGE_LOOP('',(#2715,#2716));
#2715 = ORIENTED_EDGE('',*,*,#2666,.T.);
#2716 = ORIENTED_EDGE('',*,*,#2717,.T.);
#2717 = EDGE_CURVE('',#2644,#2618,#2718,.T.);
#2718 = SURFACE_CURVE('',#2719,(#2724,#2758),.PCURVE_S1.);
#2719 = ELLIPSE('',#2720,8.485281374239,6.);
#2720 = AXIS2_PLACEMENT_3D('',#2721,#2722,#2723);
#2721 = CARTESIAN_POINT('',(26.45,-23.3,-26.5));
#2722 = DIRECTION('',(-6.661338147751E-16,0.,-1.));
#2723 = DIRECTION('',(-1.,0.,6.661338147751E-16));
#2724 = PCURVE('',#2681,#2725);
#2725 = DEFINITIONAL_REPRESENTATION('',(#2726),#2757);
#2726 = B_SPLINE_CURVE_WITH_KNOTS('',8,(#2727,#2728,#2729,#2730,#2731,
    #2732,#2733,#2734,#2735,#2736,#2737,#2738,#2739,#2740,#2741,#2742,
    #2743,#2744,#2745,#2746,#2747,#2748,#2749,#2750,#2751,#2752,#2753,
    #2754,#2755,#2756),.UNSPECIFIED.,.F.,.F.,(9,7,7,7,9),(3.14159265359,
    4.712388980385,5.890486225481,7.657632093125,9.424777960769),
  .UNSPECIFIED.);
#2727 = CARTESIAN_POINT('',(-6.28318530718,-13.24264068711));
#2728 = CARTESIAN_POINT('',(-6.08683576633,-13.24264068711));
#2729 = CARTESIAN_POINT('',(-5.890486225482,-12.97827603119));
#2730 = CARTESIAN_POINT('',(-5.69413668463,-12.44954896516));
#2731 = CARTESIAN_POINT('',(-5.497787143789,-11.6781931905));
#2732 = CARTESIAN_POINT('',(-5.301437602933,-10.70772025438));
#2733 = CARTESIAN_POINT('',(-5.105088062084,-9.598835457024));
#2734 = CARTESIAN_POINT('',(-4.908738521234,-8.420737932215));
#2735 = CARTESIAN_POINT('',(-4.565126824748,-6.359067753297));
#2736 = CARTESIAN_POINT('',(-4.41786466911,-5.475495142839));
#2737 = CARTESIAN_POINT('',(-4.270602513474,-4.621118869474));
#2738 = CARTESIAN_POINT('',(-4.123340357837,-3.825143065906));
#2739 = CARTESIAN_POINT('',(-3.976078202199,-3.114731009851));
#2740 = CARTESIAN_POINT('',(-3.828816046563,-2.513006792764));
#2741 = CARTESIAN_POINT('',(-3.681553890926,-2.037492215112));
#2742 = CARTESIAN_POINT('',(-3.313398501833,-1.192170407462));
#2743 = CARTESIAN_POINT('',(-3.092505268374,-0.994095117253));
#2744 = CARTESIAN_POINT('',(-2.871612034941,-1.142844734097));
#2745 = CARTESIAN_POINT('',(-2.650718801447,-1.643969175137));
#2746 = CARTESIAN_POINT('',(-2.429825568029,-2.464897208059));
#2747 = CARTESIAN_POINT('',(-2.208932334554,-3.537586736886));
#2748 = CARTESIAN_POINT('',(-1.9880391011,-4.772205763539));
#2749 = CARTESIAN_POINT('',(-1.546252634189,-7.371991746506));
#2750 = CARTESIAN_POINT('',(-1.325359400744,-8.737160141753));
#2751 = CARTESIAN_POINT('',(-1.10446616726,-10.07094564374));
#2752 = CARTESIAN_POINT('',(-0.883572933896,-11.26993853216));
#2753 = CARTESIAN_POINT('',(-0.662679700348,-12.23888679062));
#2754 = CARTESIAN_POINT('',(-0.441786466926,-12.90805369365));
#2755 = CARTESIAN_POINT('',(-0.220893233456,-13.24264068711));
#2756 = CARTESIAN_POINT('',(-8.88E-15,-13.24264068711));
#2757 = ( GEOMETRIC_REPRESENTATION_CONTEXT(2) 
PARAMETRIC_REPRESENTATION_CONTEXT() REPRESENTATION_CONTEXT('2D SPACE',''
  ) );
#2758 = PCURVE('',#129,#2759);
#2759 = DEFINITIONAL_REPRESENTATION('',(#2760),#2764);
#2760 = ELLIPSE('',#2761,8.485281374239,6.);
#2761 = AXIS2_PLACEMENT_2D('',#2762,#2763);
#2762 = CARTESIAN_POINT('',(-14.47612989445,-3.94964996749));
#2763 = DIRECTION('',(1.,-1.100726808445E-31));
#2764 = ( GEOMETRIC_REPRESENTATION_CONTEXT(2) 
PARAMETRIC_REPRESENTATION_CONTEXT() REPRESENTATION_CONTEXT('2D SPACE',''
  ) );
#2765 = FACE_BOUND('',#2766,.T.);
#2766 = EDGE_LOOP('',(#2767));
#2767 = ORIENTED_EDGE('',*,*,#2768,.T.);
#2768 = EDGE_CURVE('',#2769,#2769,#2771,.T.);
#2769 = VERTEX_POINT('',#2770);
#2770 = CARTESIAN_POINT('',(21.325,-23.3,-23.13971862576));
#2771 = SURFACE_CURVE('',#2772,(#2871,#2973),.PCURVE_S1.);
#2772 = B_SPLINE_CURVE_WITH_KNOTS('',7,(#2773,#2774,#2775,#2776,#2777,
    #2778,#2779,#2780,#2781,#2782,#2783,#2784,#2785,#2786,#2787,#2788,
    #2789,#2790,#2791,#2792,#2793,#2794,#2795,#2796,#2797,#2798,#2799,
    #2800,#2801,#2802,#2803,#2804,#2805,#2806,#2807,#2808,#2809,#2810,
    #2811,#2812,#2813,#2814,#2815,#2816,#2817,#2818,#2819,#2820,#2821,
    #2822,#2823,#2824,#2825,#2826,#2827,#2828,#2829,#2830,#2831,#2832,
    #2833,#2834,#2835,#2836,#2837,#2838,#2839,#2840,#2841,#2842,#2843,
    #2844,#2845,#2846,#2847,#2848,#2849,#2850,#2851,#2852,#2853,#2854,
    #2855,#2856,#2857,#2858,#2859,#2860,#2861,#2862,#2863,#2864,#2865,
    #2866,#2867,#2868,#2869,#2870),.UNSPECIFIED.,.T.,.F.,(8,6,6,6,6,6,6,
    6,6,6,6,6,6,6,6,6,8),(0.,7.058496555723E-02,0.108693756107,
    0.234220887863,0.366492569606,0.411984036826,0.446872158611,
    0.464992891764,0.500005776,0.535018660236,0.553139393389,
    0.588027532347,0.633519044059,0.766343952833,0.891316104834,
    0.929421438069,1.),.UNSPECIFIED.);
#2773 = CARTESIAN_POINT('',(21.325,-23.3,-23.13971862576));
#2774 = CARTESIAN_POINT('',(21.325,-23.25299229927,-23.13971862576));
#2775 = CARTESIAN_POINT('',(21.320703123969,-23.2065146133,
    -23.14462310488));
#2776 = CARTESIAN_POINT('',(21.312284801954,-23.16119675382,
    -23.15423218102));
#2777 = CARTESIAN_POINT('',(21.300065734604,-23.11764076715,
    -23.16815187248));
#2778 = CARTESIAN_POINT('',(21.284519125682,-23.07640361412,
    -23.18579472762));
#2779 = CARTESIAN_POINT('',(21.266283185981,-23.03797134919,
    -23.20638393597));
#2780 = CARTESIAN_POINT('',(21.235324618554,-22.98369520261,
    -23.2411502246));
#2781 = CARTESIAN_POINT('',(21.223847648686,-22.96545747809,
    -23.25400661153));
#2782 = CARTESIAN_POINT('',(21.211812132196,-22.94800665395,
    -23.26745135312));
#2783 = CARTESIAN_POINT('',(21.199275692779,-22.93133367627,
    -23.28141367663));
#2784 = CARTESIAN_POINT('',(21.18628956065,-22.91542632341,
    -23.29583062556));
#2785 = CARTESIAN_POINT('',(21.17289868851,-22.90027012083,
    -23.31064692011));
#2786 = CARTESIAN_POINT('',(21.113828063086,-22.83834814676,
    -23.37577658875));
#2787 = CARTESIAN_POINT('',(21.064316548929,-22.79858708146,
    -23.42980365406));
#2788 = CARTESIAN_POINT('',(21.012017044266,-22.76624487405,
    -23.48615243632));
#2789 = CARTESIAN_POINT('',(20.957869547481,-22.74086284017,
    -23.54367641537));
#2790 = CARTESIAN_POINT('',(20.902435342259,-22.72202367371,
    -23.60171278227));
#2791 = CARTESIAN_POINT('',(20.845942661633,-22.7094753993,
    -23.65996846444));
#2792 = CARTESIAN_POINT('',(20.727803286089,-22.69691804859,
    -23.77988256601));
#2793 = CARTESIAN_POINT('',(20.666585219227,-22.6976765612,
    -23.84100503247));
#2794 = CARTESIAN_POINT('',(20.605059022747,-22.70559954754,
    -23.90138797355));
#2795 = CARTESIAN_POINT('',(20.543641076463,-22.72100227546,
    -23.96060255202));
#2796 = CARTESIAN_POINT('',(20.482990550189,-22.74437389019,
    -24.01802269099));
#2797 = CARTESIAN_POINT('',(20.424111838943,-22.77631928732,
    -24.07278754315));
#2798 = CARTESIAN_POINT('',(20.349410500919,-22.83149455171,
    -24.14119196547));
#2799 = CARTESIAN_POINT('',(20.330668995545,-22.84670262008,
    -24.1582532177));
#2800 = CARTESIAN_POINT('',(20.312368572804,-22.86302152752,
    -24.17481724012));
#2801 = CARTESIAN_POINT('',(20.294583253839,-22.88047160593,
    -24.19082536036));
#2802 = CARTESIAN_POINT('',(20.277395671258,-22.89906944667,
    -24.20621304544));
#2803 = CARTESIAN_POINT('',(20.260897386118,-22.91882653171,
    -24.22090964573));
#2804 = CARTESIAN_POINT('',(20.23314235365,-22.95579276423,
    -24.24552011924));
#2805 = CARTESIAN_POINT('',(20.221557160218,-22.97252633942,
    -24.2557528886));
#2806 = CARTESIAN_POINT('',(20.21048911877,-22.98993902162,
    -24.26549306249));
#2807 = CARTESIAN_POINT('',(20.199993562207,-23.008017069,
    -24.27469779698));
#2808 = CARTESIAN_POINT('',(20.190125662166,-23.02674256661,
    -24.28332478857));
#2809 = CARTESIAN_POINT('',(20.18094042903,-23.04609342643,
    -24.29133227423));
#2810 = CARTESIAN_POINT('',(20.168105005735,-23.07640530706,
    -24.3024949039));
#2811 = CARTESIAN_POINT('',(20.163917501618,-23.08692566633,
    -24.30613140455));
#2812 = CARTESIAN_POINT('',(20.159938531965,-23.09759893452,
    -24.30958217126));
#2813 = CARTESIAN_POINT('',(20.156176169259,-23.10841860063,
    -24.31284104315));
#2814 = CARTESIAN_POINT('',(20.15263822607,-23.11937717322,
    -24.31590206054));
#2815 = CARTESIAN_POINT('',(20.149332255047,-23.13046618044,
    -24.31875946492));
#2816 = CARTESIAN_POINT('',(20.140340058742,-23.16333611412,
    -24.32652461729));
#2817 = CARTESIAN_POINT('',(20.135303592447,-23.18546209125,
    -24.33086423274));
#2818 = CARTESIAN_POINT('',(20.131214095672,-23.20797070892,
    -24.3343817677));
#2819 = CARTESIAN_POINT('',(20.128115836373,-23.23077274367,
    -24.33704345698));
#2820 = CARTESIAN_POINT('',(20.126039119221,-23.25377506241,
    -24.33882643547));
#2821 = CARTESIAN_POINT('',(20.125,-23.27688254386,-24.33971862576));
#2822 = CARTESIAN_POINT('',(20.125,-23.32311745613,-24.33971862576));
#2823 = CARTESIAN_POINT('',(20.126039119221,-23.34622493758,
    -24.33882643547));
#2824 = CARTESIAN_POINT('',(20.128115836373,-23.36922725632,
    -24.33704345698));
#2825 = CARTESIAN_POINT('',(20.131214095672,-23.39202929107,
    -24.3343817677));
#2826 = CARTESIAN_POINT('',(20.135303592447,-23.41453790874,
    -24.33086423274));
#2827 = CARTESIAN_POINT('',(20.140340058742,-23.43666388587,
    -24.32652461729));
#2828 = CARTESIAN_POINT('',(20.149332255047,-23.46953381955,
    -24.31875946492));
#2829 = CARTESIAN_POINT('',(20.15263822607,-23.48062282677,
    -24.31590206054));
#2830 = CARTESIAN_POINT('',(20.156176169259,-23.49158139936,
    -24.31284104315));
#2831 = CARTESIAN_POINT('',(20.159938531965,-23.50240106547,
    -24.30958217126));
#2832 = CARTESIAN_POINT('',(20.163917501618,-23.51307433367,
    -24.30613140455));
#2833 = CARTESIAN_POINT('',(20.168105005735,-23.52359469293,
    -24.3024949039));
#2834 = CARTESIAN_POINT('',(20.180940433188,-23.55390658338,
    -24.29133227062));
#2835 = CARTESIAN_POINT('',(20.190125661862,-23.57325743535,
    -24.28332478888));
#2836 = CARTESIAN_POINT('',(20.199993557839,-23.59198292431,
    -24.27469780083));
#2837 = CARTESIAN_POINT('',(20.21048911508,-23.61006097088,
    -24.26549306572));
#2838 = CARTESIAN_POINT('',(20.221557161608,-23.62747366051,
    -24.25575288733));
#2839 = CARTESIAN_POINT('',(20.233142359503,-23.64420724355,
    -24.24552011405));
#2840 = CARTESIAN_POINT('',(20.260897386118,-23.68117346828,
    -24.22090964573));
#2841 = CARTESIAN_POINT('',(20.277395671258,-23.70093055332,
    -24.20621304544));
#2842 = CARTESIAN_POINT('',(20.294583253839,-23.71952839406,
    -24.19082536036));
#2843 = CARTESIAN_POINT('',(20.312368572804,-23.73697847247,
    -24.17481724012));
#2844 = CARTESIAN_POINT('',(20.330668995545,-23.75329737991,
    -24.1582532177));
#2845 = CARTESIAN_POINT('',(20.349410500919,-23.76850544828,
    -24.14119196547));
#2846 = CARTESIAN_POINT('',(20.424344266729,-23.8238523865,
    -24.07257470776));
#2847 = CARTESIAN_POINT('',(20.48347992172,-23.85589082519,
    -24.01756745299));
#2848 = CARTESIAN_POINT('',(20.544393577613,-23.87928656958,
    -23.95988998912));
#2849 = CARTESIAN_POINT('',(20.606072700112,-23.89465366722,
    -23.90041052724));
#2850 = CARTESIAN_POINT('',(20.667854390487,-23.9024858448,
    -23.83975930024));
#2851 = CARTESIAN_POINT('',(20.729320001014,-23.90309902114,
    -23.77836796728));
#2852 = CARTESIAN_POINT('',(20.847425045713,-23.89019423298,
    -23.65843967664));
#2853 = CARTESIAN_POINT('',(20.903648896865,-23.87756264779,
    -23.60044210887));
#2854 = CARTESIAN_POINT('',(20.958816525424,-23.85869186956,
    -23.54267022809));
#2855 = CARTESIAN_POINT('',(21.012701046393,-23.83333099595,
    -23.48541538478));
#2856 = CARTESIAN_POINT('',(21.064746749271,-23.80106687932,
    -23.42933419227));
#2857 = CARTESIAN_POINT('',(21.114024311024,-23.76144613237,
    -23.3755602111));
#2858 = CARTESIAN_POINT('',(21.17289868851,-23.69972987917,
    -23.31064692011));
#2859 = CARTESIAN_POINT('',(21.18628956065,-23.68457367658,
    -23.29583062556));
#2860 = CARTESIAN_POINT('',(21.199275692779,-23.66866632372,
    -23.28141367663));
#2861 = CARTESIAN_POINT('',(21.211812132196,-23.65199334604,
    -23.26745135312));
#2862 = CARTESIAN_POINT('',(21.223847648686,-23.6345425219,
    -23.25400661153));
#2863 = CARTESIAN_POINT('',(21.235324618554,-23.61630479738,
    -23.2411502246));
#2864 = CARTESIAN_POINT('',(21.266283185981,-23.5620286508,
    -23.20638393597));
#2865 = CARTESIAN_POINT('',(21.284519125682,-23.52359638587,
    -23.18579472762));
#2866 = CARTESIAN_POINT('',(21.300065734604,-23.48235923284,
    -23.16815187248));
#2867 = CARTESIAN_POINT('',(21.312284801954,-23.43880324617,
    -23.15423218102));
#2868 = CARTESIAN_POINT('',(21.320703123969,-23.39348538669,
    -23.14462310488));
#2869 = CARTESIAN_POINT('',(21.325,-23.34700770072,-23.13971862576));
#2870 = CARTESIAN_POINT('',(21.325,-23.3,-23.13971862576));
#2871 = PCURVE('',#2681,#2872);
#2872 = DEFINITIONAL_REPRESENTATION('',(#2873),#2972);
#2873 = B_SPLINE_CURVE_WITH_KNOTS('',7,(#2874,#2875,#2876,#2877,#2878,
    #2879,#2880,#2881,#2882,#2883,#2884,#2885,#2886,#2887,#2888,#2889,
    #2890,#2891,#2892,#2893,#2894,#2895,#2896,#2897,#2898,#2899,#2900,
    #2901,#2902,#2903,#2904,#2905,#2906,#2907,#2908,#2909,#2910,#2911,
    #2912,#2913,#2914,#2915,#2916,#2917,#2918,#2919,#2920,#2921,#2922,
    #2923,#2924,#2925,#2926,#2927,#2928,#2929,#2930,#2931,#2932,#2933,
    #2934,#2935,#2936,#2937,#2938,#2939,#2940,#2941,#2942,#2943,#2944,
    #2945,#2946,#2947,#2948,#2949,#2950,#2951,#2952,#2953,#2954,#2955,
    #2956,#2957,#2958,#2959,#2960,#2961,#2962,#2963,#2964,#2965,#2966,
    #2967,#2968,#2969,#2970,#2971),.UNSPECIFIED.,.T.,.F.,(8,6,6,6,6,6,6,
    6,6,6,6,6,6,6,6,6,8),(0.,7.058496555723E-02,0.108693756107,
    0.234220887863,0.366492569606,0.411984036826,0.446872158611,
    0.464992891764,0.500005776,0.535018660236,0.553139393389,
    0.588027532347,0.633519044059,0.766343952833,0.891316104834,
    0.929421438069,1.),.UNSPECIFIED.);
#2874 = CARTESIAN_POINT('',(-3.14159265359,-5.994796179957));
#2875 = CARTESIAN_POINT('',(-3.133758036803,-5.994796179957));
#2876 = CARTESIAN_POINT('',(-3.126011755039,-5.988289839332));
#2877 = CARTESIAN_POINT('',(-3.118457996041,-5.975542543847));
#2878 = CARTESIAN_POINT('',(-3.111196382563,-5.95705965024));
#2879 = CARTESIAN_POINT('',(-3.104319394348,-5.933591155141));
#2880 = CARTESIAN_POINT('',(-3.097908142107,-5.906137629675));
#2881 = CARTESIAN_POINT('',(-3.088850994135,-5.859663138263));
#2882 = CARTESIAN_POINT('',(-3.085807051982,-5.842456856662));
#2883 = CARTESIAN_POINT('',(-3.082893872589,-5.824439593389));
#2884 = CARTESIAN_POINT('',(-3.080109992636,-5.805702138428));
#2885 = CARTESIAN_POINT('',(-3.077453428378,-5.786325233984));
#2886 = CARTESIAN_POINT('',(-3.074921824068,-5.766379755142));
#2887 = CARTESIAN_POINT('',(-3.064576821418,-5.678556884983));
#2888 = CARTESIAN_POINT('',(-3.057929050509,-5.605344053328));
#2889 = CARTESIAN_POINT('',(-3.052517780869,-5.528518112879));
#2890 = CARTESIAN_POINT('',(-3.04826881657,-5.449554455052));
#2891 = CARTESIAN_POINT('',(-3.045114022154,-5.36931864404));
#2892 = CARTESIAN_POINT('',(-3.04301234785,-5.288179298579));
#2893 = CARTESIAN_POINT('',(-3.040909031136,-5.119850070627));
#2894 = CARTESIAN_POINT('',(-3.041035943276,-5.033342249899));
#2895 = CARTESIAN_POINT('',(-3.042363294322,-4.94713947204));
#2896 = CARTESIAN_POINT('',(-3.044943519901,-4.861839395758));
#2897 = CARTESIAN_POINT('',(-3.04885731696,-4.778350827705));
#2898 = CARTESIAN_POINT('',(-3.054203295711,-4.697992693383));
#2899 = CARTESIAN_POINT('',(-3.063429067847,-4.596801639816));
#2900 = CARTESIAN_POINT('',(-3.065971460766,-4.571485267129));
#2901 = CARTESIAN_POINT('',(-3.068698947722,-4.546832381528));
#2902 = CARTESIAN_POINT('',(-3.071614796609,-4.522936811511));
#2903 = CARTESIAN_POINT('',(-3.074721650009,-4.499902618849));
#2904 = CARTESIAN_POINT('',(-3.078021305626,-4.477844503823));
#2905 = CARTESIAN_POINT('',(-3.084193479906,-4.440816499445));
#2906 = CARTESIAN_POINT('',(-3.086986947884,-4.425388870004));
#2907 = CARTESIAN_POINT('',(-3.089893252781,-4.410675239833));
#2908 = CARTESIAN_POINT('',(-3.09291006424,-4.396745030439));
#2909 = CARTESIAN_POINT('',(-3.09603436941,-4.383667167148));
#2910 = CARTESIAN_POINT('',(-3.099262472955,-4.371510079099));
#2911 = CARTESIAN_POINT('',(-3.104318298051,-4.354540893111));
#2912 = CARTESIAN_POINT('',(-3.10607288979,-4.349008486286));
#2913 = CARTESIAN_POINT('',(-3.107852850689,-4.343754869324));
#2914 = CARTESIAN_POINT('',(-3.109657097202,-4.338790106727));
#2915 = CARTESIAN_POINT('',(-3.111484383817,-4.334123936953));
#2916 = CARTESIAN_POINT('',(-3.113333303045,-4.329765772414));
#2917 = CARTESIAN_POINT('',(-3.118813533573,-4.317916537531));
#2918 = CARTESIAN_POINT('',(-3.122502079584,-4.311286646542));
#2919 = CARTESIAN_POINT('',(-3.126254064826,-4.305907662819));
#2920 = CARTESIAN_POINT('',(-3.130054683983,-4.301834764122));
#2921 = CARTESIAN_POINT('',(-3.133888497534,-4.299105547161));
#2922 = CARTESIAN_POINT('',(-3.137739744234,-4.297739905109));
#2923 = CARTESIAN_POINT('',(-3.145445562945,-4.297739905109));
#2924 = CARTESIAN_POINT('',(-3.149296809645,-4.299105547161));
#2925 = CARTESIAN_POINT('',(-3.153130623196,-4.301834764122));
#2926 = CARTESIAN_POINT('',(-3.156931242353,-4.305907662819));
#2927 = CARTESIAN_POINT('',(-3.160683227596,-4.311286646542));
#2928 = CARTESIAN_POINT('',(-3.164371773607,-4.317916537531));
#2929 = CARTESIAN_POINT('',(-3.169852004134,-4.329765772414));
#2930 = CARTESIAN_POINT('',(-3.171700923363,-4.334123936953));
#2931 = CARTESIAN_POINT('',(-3.173528209977,-4.338790106727));
#2932 = CARTESIAN_POINT('',(-3.175332456491,-4.343754869324));
#2933 = CARTESIAN_POINT('',(-3.177112417389,-4.349008486286));
#2934 = CARTESIAN_POINT('',(-3.178867009129,-4.354540893111));
#2935 = CARTESIAN_POINT('',(-3.183922835863,-4.371510084596));
#2936 = CARTESIAN_POINT('',(-3.187150938097,-4.383667166714));
#2937 = CARTESIAN_POINT('',(-3.190275241825,-4.396745024624));
#2938 = CARTESIAN_POINT('',(-3.193292053149,-4.410675234942));
#2939 = CARTESIAN_POINT('',(-3.196198359287,-4.425388871882));
#2940 = CARTESIAN_POINT('',(-3.198991828575,-4.440816507254));
#2941 = CARTESIAN_POINT('',(-3.205164001554,-4.477844503823));
#2942 = CARTESIAN_POINT('',(-3.20846365717,-4.499902618849));
#2943 = CARTESIAN_POINT('',(-3.211570510571,-4.522936811511));
#2944 = CARTESIAN_POINT('',(-3.214486359458,-4.546832381528));
#2945 = CARTESIAN_POINT('',(-3.217213846413,-4.571485267129));
#2946 = CARTESIAN_POINT('',(-3.219756239332,-4.596801639816));
#2947 = CARTESIAN_POINT('',(-3.229010716788,-4.698307541994));
#2948 = CARTESIAN_POINT('',(-3.23437229007,-4.779018767505));
#2949 = CARTESIAN_POINT('',(-3.238290157341,-4.86287535248));
#2950 = CARTESIAN_POINT('',(-3.240864430812,-4.948547409097));
#2951 = CARTESIAN_POINT('',(-3.242176572109,-5.035120555212));
#2952 = CARTESIAN_POINT('',(-3.2422791317,-5.121993533067));
#2953 = CARTESIAN_POINT('',(-3.240117627142,-5.290308518634));
#2954 = CARTESIAN_POINT('',(-3.238002010917,-5.371075258507));
#2955 = CARTESIAN_POINT('',(-3.234841949129,-5.450935551428));
#2956 = CARTESIAN_POINT('',(-3.230596564432,-5.529522949567));
#2957 = CARTESIAN_POINT('',(-3.225198401652,-5.605980210519));
#2958 = CARTESIAN_POINT('',(-3.21857411698,-5.678848655335));
#2959 = CARTESIAN_POINT('',(-3.208263483111,-5.766379755142));
#2960 = CARTESIAN_POINT('',(-3.205731878801,-5.786325233984));
#2961 = CARTESIAN_POINT('',(-3.203075314543,-5.805702138428));
#2962 = CARTESIAN_POINT('',(-3.20029143459,-5.824439593389));
#2963 = CARTESIAN_POINT('',(-3.197378255197,-5.842456856662));
#2964 = CARTESIAN_POINT('',(-3.194334313044,-5.859663138263));
#2965 = CARTESIAN_POINT('',(-3.185277165073,-5.906137629675));
#2966 = CARTESIAN_POINT('',(-3.178865912831,-5.933591155141));
#2967 = CARTESIAN_POINT('',(-3.171988924616,-5.95705965024));
#2968 = CARTESIAN_POINT('',(-3.164727311139,-5.975542543847));
#2969 = CARTESIAN_POINT('',(-3.15717355214,-5.988289839332));
#2970 = CARTESIAN_POINT('',(-3.149427270377,-5.994796179957));
#2971 = CARTESIAN_POINT('',(-3.14159265359,-5.994796179957));
#2972 = ( GEOMETRIC_REPRESENTATION_CONTEXT(2) 
PARAMETRIC_REPRESENTATION_CONTEXT() REPRESENTATION_CONTEXT('2D SPACE',''
  ) );
#2973 = PCURVE('',#1186,#2974);
#2974 = DEFINITIONAL_REPRESENTATION('',(#2975),#3074);
#2975 = B_SPLINE_CURVE_WITH_KNOTS('',7,(#2976,#2977,#2978,#2979,#2980,
    #2981,#2982,#2983,#2984,#2985,#2986,#2987,#2988,#2989,#2990,#2991,
    #2992,#2993,#2994,#2995,#2996,#2997,#2998,#2999,#3000,#3001,#3002,
    #3003,#3004,#3005,#3006,#3007,#3008,#3009,#3010,#3011,#3012,#3013,
    #3014,#3015,#3016,#3017,#3018,#3019,#3020,#3021,#3022,#3023,#3024,
    #3025,#3026,#3027,#3028,#3029,#3030,#3031,#3032,#3033,#3034,#3035,
    #3036,#3037,#3038,#3039,#3040,#3041,#3042,#3043,#3044,#3045,#3046,
    #3047,#3048,#3049,#3050,#3051,#3052,#3053,#3054,#3055,#3056,#3057,
    #3058,#3059,#3060,#3061,#3062,#3063,#3064,#3065,#3066,#3067,#3068,
    #3069,#3070,#3071,#3072,#3073),.UNSPECIFIED.,.F.,.F.,(8,6,6,6,6,6,6,
    6,6,6,6,6,6,6,6,6,8),(0.,7.058496555723E-02,0.108693756107,
    0.234220887863,0.366492569606,0.411984036826,0.446872158611,
    0.464992891764,0.500005776,0.535018660236,0.553139393389,
    0.588027532347,0.633519044059,0.766343952833,0.891316104834,
    0.929421438069,1.),.UNSPECIFIED.);
#2976 = CARTESIAN_POINT('',(0.,-71.13971862576));
#2977 = CARTESIAN_POINT('',(7.834616786893E-02,-71.13971862576));
#2978 = CARTESIAN_POINT('',(0.155808968152,-71.14462310488));
#2979 = CARTESIAN_POINT('',(0.23212435316,-71.15423218102));
#2980 = CARTESIAN_POINT('',(0.306993690783,-71.16815187248));
#2981 = CARTESIAN_POINT('',(0.380036627019,-71.18579472762));
#2982 = CARTESIAN_POINT('',(0.450734283188,-71.20638393597));
#2983 = CARTESIAN_POINT('',(0.554875386506,-71.2411502246));
#2984 = CARTESIAN_POINT('',(0.590755783368,-71.25400661153));
#2985 = CARTESIAN_POINT('',(0.626037645672,-71.26745135312));
#2986 = CARTESIAN_POINT('',(0.660753720871,-71.28141367663));
#2987 = CARTESIAN_POINT('',(0.69493656601,-71.29583062556));
#2988 = CARTESIAN_POINT('',(0.728619277099,-71.31064692011));
#2989 = CARTESIAN_POINT('',(0.871250013032,-71.37577658875));
#2990 = CARTESIAN_POINT('',(0.976158763028,-71.42980365406));
#2991 = CARTESIAN_POINT('',(1.077467793874,-71.48615243632));
#2992 = CARTESIAN_POINT('',(1.175994970656,-71.54367641537));
#2993 = CARTESIAN_POINT('',(1.272649660559,-71.60171278227));
#2994 = CARTESIAN_POINT('',(1.368487344738,-71.65996846444));
#2995 = CARTESIAN_POINT('',(1.566495475257,-71.77988256601));
#2996 = CARTESIAN_POINT('',(1.667820565457,-71.84100503247));
#2997 = CARTESIAN_POINT('',(1.770105872217,-71.90138797355));
#2998 = CARTESIAN_POINT('',(1.874283105265,-71.96060255202));
#2999 = CARTESIAN_POINT('',(1.981231195207,-72.01802269099));
#3000 = CARTESIAN_POINT('',(2.091797779245,-72.07278754315));
#3001 = CARTESIAN_POINT('',(2.24657898417,-72.14119196547));
#3002 = CARTESIAN_POINT('',(2.286763357467,-72.1582532177));
#3003 = CARTESIAN_POINT('',(2.327557954067,-72.17481724012));
#3004 = CARTESIAN_POINT('',(2.368998295349,-72.19082536036));
#3005 = CARTESIAN_POINT('',(2.411120584437,-72.20621304544));
#3006 = CARTESIAN_POINT('',(2.453962861592,-72.22090964573));
#3007 = CARTESIAN_POINT('',(2.531006214724,-72.24552011924));
#3008 = CARTESIAN_POINT('',(2.564902141199,-72.2557528886));
#3009 = CARTESIAN_POINT('',(2.599246785224,-72.26549306249));
#3010 = CARTESIAN_POINT('',(2.634034996694,-72.27469779698));
#3011 = CARTESIAN_POINT('',(2.669263629207,-72.28332478857));
#3012 = CARTESIAN_POINT('',(2.704931540061,-72.29133227423));
#3013 = CARTESIAN_POINT('',(2.759793948726,-72.3024949039));
#3014 = CARTESIAN_POINT('',(2.778661323031,-72.30613140455));
#3015 = CARTESIAN_POINT('',(2.797638676837,-72.30958217126));
#3016 = CARTESIAN_POINT('',(2.816722120028,-72.31284104315));
#3017 = CARTESIAN_POINT('',(2.835906908706,-72.31590206054));
#3018 = CARTESIAN_POINT('',(2.855187445195,-72.31875946492));
#3019 = CARTESIAN_POINT('',(2.911983672936,-72.32652461729));
#3020 = CARTESIAN_POINT('',(2.949768279832,-72.33086423274));
#3021 = CARTESIAN_POINT('',(2.987837170392,-72.3343817677));
#3022 = CARTESIAN_POINT('',(3.026120467517,-72.33704345698));
#3023 = CARTESIAN_POINT('',(3.064551100475,-72.33882643547));
#3024 = CARTESIAN_POINT('',(3.103063560034,-72.33971862576));
#3025 = CARTESIAN_POINT('',(3.180121747146,-72.33971862576));
#3026 = CARTESIAN_POINT('',(3.218634206704,-72.33882643547));
#3027 = CARTESIAN_POINT('',(3.257064839663,-72.33704345698));
#3028 = CARTESIAN_POINT('',(3.295348136788,-72.3343817677));
#3029 = CARTESIAN_POINT('',(3.333417027348,-72.33086423274));
#3030 = CARTESIAN_POINT('',(3.371201634244,-72.32652461729));
#3031 = CARTESIAN_POINT('',(3.427997861984,-72.31875946492));
#3032 = CARTESIAN_POINT('',(3.447278398473,-72.31590206054));
#3033 = CARTESIAN_POINT('',(3.466463187152,-72.31284104315));
#3034 = CARTESIAN_POINT('',(3.485546630343,-72.30958217126));
#3035 = CARTESIAN_POINT('',(3.504523984149,-72.30613140455));
#3036 = CARTESIAN_POINT('',(3.523391358454,-72.3024949039));
#3037 = CARTESIAN_POINT('',(3.578253784891,-72.29133227062));
#3038 = CARTESIAN_POINT('',(3.613921680594,-72.28332478888));
#3039 = CARTESIAN_POINT('',(3.649150297126,-72.27469780083));
#3040 = CARTESIAN_POINT('',(3.683938507986,-72.26549306572));
#3041 = CARTESIAN_POINT('',(3.718283167076,-72.25575288733));
#3042 = CARTESIAN_POINT('',(3.752179108702,-72.24552011405));
#3043 = CARTESIAN_POINT('',(3.829222445588,-72.22090964573));
#3044 = CARTESIAN_POINT('',(3.872064722742,-72.20621304544));
#3045 = CARTESIAN_POINT('',(3.91418701183,-72.19082536036));
#3046 = CARTESIAN_POINT('',(3.955627353112,-72.17481724012));
#3047 = CARTESIAN_POINT('',(3.996421949713,-72.1582532177));
#3048 = CARTESIAN_POINT('',(4.03660632301,-72.14119196547));
#3049 = CARTESIAN_POINT('',(4.191869118409,-72.07257470776));
#3050 = CARTESIAN_POINT('',(4.30287230077,-72.01756745299));
#3051 = CARTESIAN_POINT('',(4.410228464993,-71.95988998912));
#3052 = CARTESIAN_POINT('',(4.514798497585,-71.90041052724));
#3053 = CARTESIAN_POINT('',(4.61747435953,-71.83975930024));
#3054 = CARTESIAN_POINT('',(4.719200086674,-71.77836796728));
#3055 = CARTESIAN_POINT('',(4.917213379865,-71.65843967664));
#3056 = CARTESIAN_POINT('',(5.012652197974,-71.60044210887));
#3057 = CARTESIAN_POINT('',(5.108914422487,-71.54267022809));
#3058 = CARTESIAN_POINT('',(5.207043563393,-71.48541538478));
#3059 = CARTESIAN_POINT('',(5.307938758215,-71.42933419227));
#3060 = CARTESIAN_POINT('',(5.412409150444,-71.3755602111));
#3061 = CARTESIAN_POINT('',(5.55456603008,-71.31064692011));
#3062 = CARTESIAN_POINT('',(5.58824874117,-71.29583062556));
#3063 = CARTESIAN_POINT('',(5.622431586308,-71.28141367663));
#3064 = CARTESIAN_POINT('',(5.657147661507,-71.26745135312));
#3065 = CARTESIAN_POINT('',(5.692429523811,-71.25400661153));
#3066 = CARTESIAN_POINT('',(5.728309920674,-71.2411502246));
#3067 = CARTESIAN_POINT('',(5.832451023992,-71.20638393597));
#3068 = CARTESIAN_POINT('',(5.903148680162,-71.18579472762));
#3069 = CARTESIAN_POINT('',(5.976191616396,-71.16815187248));
#3070 = CARTESIAN_POINT('',(6.051060954019,-71.15423218102));
#3071 = CARTESIAN_POINT('',(6.127376339028,-71.14462310488));
#3072 = CARTESIAN_POINT('',(6.204839139311,-71.13971862576));
#3073 = CARTESIAN_POINT('',(6.28318530718,-71.13971862576));
#3074 = ( GEOMETRIC_REPRESENTATION_CONTEXT(2) 
PARAMETRIC_REPRESENTATION_CONTEXT() REPRESENTATION_CONTEXT('2D SPACE',''
  ) );
#3075 = ADVANCED_FACE('',(#3076),#1217,.F.);
#3076 = FACE_BOUND('',#3077,.F.);
#3077 = EDGE_LOOP('',(#3078,#3079,#3102,#3128));
#3078 = ORIENTED_EDGE('',*,*,#1200,.F.);
#3079 = ORIENTED_EDGE('',*,*,#3080,.T.);
#3080 = EDGE_CURVE('',#1201,#3081,#3083,.T.);
#3081 = VERTEX_POINT('',#3082);
#3082 = CARTESIAN_POINT('',(21.325,-15.3,-26.5));
#3083 = SEAM_CURVE('',#3084,(#3088,#3095),.PCURVE_S1.);
#3084 = LINE('',#3085,#3086);
#3085 = CARTESIAN_POINT('',(21.325,-15.3,48.));
#3086 = VECTOR('',#3087,1.);
#3087 = DIRECTION('',(-6.661338147751E-16,0.,-1.));
#3088 = PCURVE('',#1217,#3089);
#3089 = DEFINITIONAL_REPRESENTATION('',(#3090),#3094);
#3090 = LINE('',#3091,#3092);
#3091 = CARTESIAN_POINT('',(6.28318530718,0.));
#3092 = VECTOR('',#3093,1.);
#3093 = DIRECTION('',(0.,-1.));
#3094 = ( GEOMETRIC_REPRESENTATION_CONTEXT(2) 
PARAMETRIC_REPRESENTATION_CONTEXT() REPRESENTATION_CONTEXT('2D SPACE',''
  ) );
#3095 = PCURVE('',#1217,#3096);
#3096 = DEFINITIONAL_REPRESENTATION('',(#3097),#3101);
#3097 = LINE('',#3098,#3099);
#3098 = CARTESIAN_POINT('',(0.,0.));
#3099 = VECTOR('',#3100,1.);
#3100 = DIRECTION('',(0.,-1.));
#3101 = ( GEOMETRIC_REPRESENTATION_CONTEXT(2) 
PARAMETRIC_REPRESENTATION_CONTEXT() REPRESENTATION_CONTEXT('2D SPACE',''
  ) );
#3102 = ORIENTED_EDGE('',*,*,#3103,.T.);
#3103 = EDGE_CURVE('',#3081,#3081,#3104,.T.);
#3104 = SURFACE_CURVE('',#3105,(#3110,#3117),.PCURVE_S1.);
#3105 = CIRCLE('',#3106,0.6);
#3106 = AXIS2_PLACEMENT_3D('',#3107,#3108,#3109);
#3107 = CARTESIAN_POINT('',(20.725,-15.3,-26.5));
#3108 = DIRECTION('',(6.661338147751E-16,-0.,1.));
#3109 = DIRECTION('',(1.,0.,-6.661338147751E-16));
#3110 = PCURVE('',#1217,#3111);
#3111 = DEFINITIONAL_REPRESENTATION('',(#3112),#3116);
#3112 = LINE('',#3113,#3114);
#3113 = CARTESIAN_POINT('',(0.,-74.5));
#3114 = VECTOR('',#3115,1.);
#3115 = DIRECTION('',(1.,0.));
#3116 = ( GEOMETRIC_REPRESENTATION_CONTEXT(2) 
PARAMETRIC_REPRESENTATION_CONTEXT() REPRESENTATION_CONTEXT('2D SPACE',''
  ) );
#3117 = PCURVE('',#129,#3118);
#3118 = DEFINITIONAL_REPRESENTATION('',(#3119),#3127);
#3119 = ( BOUNDED_CURVE() B_SPLINE_CURVE(2,(#3120,#3121,#3122,#3123,
#3124,#3125,#3126),.UNSPECIFIED.,.T.,.F.) B_SPLINE_CURVE_WITH_KNOTS((1,2
    ,2,2,2,1),(-2.094395102393,0.,2.094395102393,4.188790204786,
6.28318530718,8.377580409573),.UNSPECIFIED.) CURVE() 
GEOMETRIC_REPRESENTATION_ITEM() RATIONAL_B_SPLINE_CURVE((1.,0.5,1.,0.5,
1.,0.5,1.)) REPRESENTATION_ITEM('') );
#3120 = CARTESIAN_POINT('',(-9.35112989445,4.05035003251));
#3121 = CARTESIAN_POINT('',(-9.35112989445,5.089580517051));
#3122 = CARTESIAN_POINT('',(-8.45112989445,4.56996527478));
#3123 = CARTESIAN_POINT('',(-7.55112989445,4.05035003251));
#3124 = CARTESIAN_POINT('',(-8.45112989445,3.530734790239));
#3125 = CARTESIAN_POINT('',(-9.35112989445,3.011119547968));
#3126 = CARTESIAN_POINT('',(-9.35112989445,4.05035003251));
#3127 = ( GEOMETRIC_REPRESENTATION_CONTEXT(2) 
PARAMETRIC_REPRESENTATION_CONTEXT() REPRESENTATION_CONTEXT('2D SPACE',''
  ) );
#3128 = ORIENTED_EDGE('',*,*,#3080,.F.);
#3129 = ADVANCED_FACE('',(#3130),#1055,.T.);
#3130 = FACE_BOUND('',#3131,.T.);
#3131 = EDGE_LOOP('',(#3132,#3133,#3156,#3187,#3210,#3233,#3261,#3289,
    #3317));
#3132 = ORIENTED_EDGE('',*,*,#1037,.F.);
#3133 = ORIENTED_EDGE('',*,*,#3134,.T.);
#3134 = EDGE_CURVE('',#1038,#3135,#3137,.T.);
#3135 = VERTEX_POINT('',#3136);
#3136 = CARTESIAN_POINT('',(17.999999999994,-10.88,27.));
#3137 = SURFACE_CURVE('',#3138,(#3142,#3149),.PCURVE_S1.);
#3138 = LINE('',#3139,#3140);
#3139 = CARTESIAN_POINT('',(17.999999999994,-10.88,48.000000000001));
#3140 = VECTOR('',#3141,1.);
#3141 = DIRECTION('',(-8.881784197001E-16,-2.2E-16,-1.));
#3142 = PCURVE('',#1055,#3143);
#3143 = DEFINITIONAL_REPRESENTATION('',(#3144),#3148);
#3144 = LINE('',#3145,#3146);
#3145 = CARTESIAN_POINT('',(25.915883353996,6.833766328594));
#3146 = VECTOR('',#3147,1.);
#3147 = DIRECTION('',(-1.,-2.199999992734E-16));
#3148 = ( GEOMETRIC_REPRESENTATION_CONTEXT(2) 
PARAMETRIC_REPRESENTATION_CONTEXT() REPRESENTATION_CONTEXT('2D SPACE',''
  ) );
#3149 = PCURVE('',#1155,#3150);
#3150 = DEFINITIONAL_REPRESENTATION('',(#3151),#3155);
#3151 = LINE('',#3152,#3153);
#3152 = CARTESIAN_POINT('',(0.,0.));
#3153 = VECTOR('',#3154,1.);
#3154 = DIRECTION('',(0.,1.));
#3155 = ( GEOMETRIC_REPRESENTATION_CONTEXT(2) 
PARAMETRIC_REPRESENTATION_CONTEXT() REPRESENTATION_CONTEXT('2D SPACE',''
  ) );
#3156 = ORIENTED_EDGE('',*,*,#3157,.T.);
#3157 = EDGE_CURVE('',#3135,#3158,#3160,.T.);
#3158 = VERTEX_POINT('',#3159);
#3159 = CARTESIAN_POINT('',(17.999999999989,-5.162856739888,
    13.000000000001));
#3160 = SURFACE_CURVE('',#3161,(#3169,#3180),.PCURVE_S1.);
#3161 = ( BOUNDED_CURVE() B_SPLINE_CURVE(6,(#3162,#3163,#3164,#3165,
#3166,#3167,#3168),.UNSPECIFIED.,.F.,.F.) B_SPLINE_CURVE_WITH_KNOTS((7,7
),(20.999999999998,33.891233212437),.PIECEWISE_BEZIER_KNOTS.) CURVE() 
GEOMETRIC_REPRESENTATION_ITEM() RATIONAL_B_SPLINE_CURVE((1.,1.,1.,1.,1.,
1.,1.)) REPRESENTATION_ITEM('') );
#3162 = CARTESIAN_POINT('',(18.,-10.88,27.000000000003));
#3163 = CARTESIAN_POINT('',(18.000000000001,-10.88,24.415380906619));
#3164 = CARTESIAN_POINT('',(18.,-10.47920391635,21.830775570131));
#3165 = CARTESIAN_POINT('',(17.999999999999,-9.67749138854,
    19.323779525971));
#3166 = CARTESIAN_POINT('',(17.999999999997,-8.495280344655,
    16.972425525386));
#3167 = CARTESIAN_POINT('',(17.999999999993,-6.972184142406,
    14.845883198566));
#3168 = CARTESIAN_POINT('',(17.999999999989,-5.162856739888,
    13.000000000001));
#3169 = PCURVE('',#1055,#3170);
#3170 = DEFINITIONAL_REPRESENTATION('',(#3171),#3179);
#3171 = ( BOUNDED_CURVE() B_SPLINE_CURVE(6,(#3172,#3173,#3174,#3175,
#3176,#3177,#3178),.UNSPECIFIED.,.F.,.F.) B_SPLINE_CURVE_WITH_KNOTS((7,7
),(20.999999999998,33.891233212437),.PIECEWISE_BEZIER_KNOTS.) CURVE() 
GEOMETRIC_REPRESENTATION_ITEM() RATIONAL_B_SPLINE_CURVE((1.,1.,1.,1.,1.,
1.,1.)) REPRESENTATION_ITEM('') );
#3172 = CARTESIAN_POINT('',(4.915883353998,6.833766328594));
#3173 = CARTESIAN_POINT('',(2.331264260614,6.833766328594));
#3174 = CARTESIAN_POINT('',(-0.253341075874,7.234562412249));
#3175 = CARTESIAN_POINT('',(-2.760337120034,8.036274940063));
#3176 = CARTESIAN_POINT('',(-5.11169112062,9.218485983947));
#3177 = CARTESIAN_POINT('',(-7.238233447439,10.741582186196));
#3178 = CARTESIAN_POINT('',(-9.084116646004,12.550909588714));
#3179 = ( GEOMETRIC_REPRESENTATION_CONTEXT(2) 
PARAMETRIC_REPRESENTATION_CONTEXT() REPRESENTATION_CONTEXT('2D SPACE',''
  ) );
#3180 = PCURVE('',#2166,#3181);
#3181 = DEFINITIONAL_REPRESENTATION('',(#3182),#3186);
#3182 = LINE('',#3183,#3184);
#3183 = CARTESIAN_POINT('',(0.,0.));
#3184 = VECTOR('',#3185,1.);
#3185 = DIRECTION('',(0.,1.));
#3186 = ( GEOMETRIC_REPRESENTATION_CONTEXT(2) 
PARAMETRIC_REPRESENTATION_CONTEXT() REPRESENTATION_CONTEXT('2D SPACE',''
  ) );
#3187 = ORIENTED_EDGE('',*,*,#3188,.F.);
#3188 = EDGE_CURVE('',#3189,#3158,#3191,.T.);
#3189 = VERTEX_POINT('',#3190);
#3190 = CARTESIAN_POINT('',(18.000000000007,-7.880000000008,
    13.000000000001));
#3191 = SURFACE_CURVE('',#3192,(#3196,#3203),.PCURVE_S1.);
#3192 = LINE('',#3193,#3194);
#3193 = CARTESIAN_POINT('',(17.999999999996,-7.880000000001,
    13.000000000001));
#3194 = VECTOR('',#3195,1.);
#3195 = DIRECTION('',(-2.173716956046E-12,1.,1.649934759909E-27));
#3196 = PCURVE('',#1055,#3197);
#3197 = DEFINITIONAL_REPRESENTATION('',(#3198),#3202);
#3198 = LINE('',#3199,#3200);
#3199 = CARTESIAN_POINT('',(-9.084116646004,9.833766328601));
#3200 = VECTOR('',#3201,1.);
#3201 = DIRECTION('',(6.116141923523E-25,1.));
#3202 = ( GEOMETRIC_REPRESENTATION_CONTEXT(2) 
PARAMETRIC_REPRESENTATION_CONTEXT() REPRESENTATION_CONTEXT('2D SPACE',''
  ) );
#3203 = PCURVE('',#2288,#3204);
#3204 = DEFINITIONAL_REPRESENTATION('',(#3205),#3209);
#3205 = LINE('',#3206,#3207);
#3206 = CARTESIAN_POINT('',(-1.570796326795,0.));
#3207 = VECTOR('',#3208,1.);
#3208 = DIRECTION('',(-0.,1.));
#3209 = ( GEOMETRIC_REPRESENTATION_CONTEXT(2) 
PARAMETRIC_REPRESENTATION_CONTEXT() REPRESENTATION_CONTEXT('2D SPACE',''
  ) );
#3210 = ORIENTED_EDGE('',*,*,#3211,.F.);
#3211 = EDGE_CURVE('',#3212,#3189,#3214,.T.);
#3212 = VERTEX_POINT('',#3213);
#3213 = CARTESIAN_POINT('',(18.000000000007,-11.99999999999,
    13.000000000001));
#3214 = SURFACE_CURVE('',#3215,(#3219,#3226),.PCURVE_S1.);
#3215 = LINE('',#3216,#3217);
#3216 = CARTESIAN_POINT('',(18.000000000007,-12.,13.000000000001));
#3217 = VECTOR('',#3218,1.);
#3218 = DIRECTION('',(0.,1.,0.));
#3219 = PCURVE('',#1055,#3220);
#3220 = DEFINITIONAL_REPRESENTATION('',(#3221),#3225);
#3221 = LINE('',#3222,#3223);
#3222 = CARTESIAN_POINT('',(-9.084116646004,5.713766328594));
#3223 = VECTOR('',#3224,1.);
#3224 = DIRECTION('',(0.,1.));
#3225 = ( GEOMETRIC_REPRESENTATION_CONTEXT(2) 
PARAMETRIC_REPRESENTATION_CONTEXT() REPRESENTATION_CONTEXT('2D SPACE',''
  ) );
#3226 = PCURVE('',#2262,#3227);
#3227 = DEFINITIONAL_REPRESENTATION('',(#3228),#3232);
#3228 = LINE('',#3229,#3230);
#3229 = CARTESIAN_POINT('',(-1.570796326795,0.));
#3230 = VECTOR('',#3231,1.);
#3231 = DIRECTION('',(-0.,1.));
#3232 = ( GEOMETRIC_REPRESENTATION_CONTEXT(2) 
PARAMETRIC_REPRESENTATION_CONTEXT() REPRESENTATION_CONTEXT('2D SPACE',''
  ) );
#3233 = ORIENTED_EDGE('',*,*,#3234,.F.);
#3234 = EDGE_CURVE('',#3235,#3212,#3237,.T.);
#3235 = VERTEX_POINT('',#3236);
#3236 = CARTESIAN_POINT('',(18.000000000015,-14.99999771316,
    13.000000000001));
#3237 = SURFACE_CURVE('',#3238,(#3242,#3249),.PCURVE_S1.);
#3238 = LINE('',#3239,#3240);
#3239 = CARTESIAN_POINT('',(18.000000000015,-14.99999999999,
    13.000000000001));
#3240 = VECTOR('',#3241,1.);
#3241 = DIRECTION('',(-2.581109456958E-12,1.,1.921312680652E-27));
#3242 = PCURVE('',#1055,#3243);
#3243 = DEFINITIONAL_REPRESENTATION('',(#3244),#3248);
#3244 = LINE('',#3245,#3246);
#3245 = CARTESIAN_POINT('',(-9.084116646004,2.71376632861));
#3246 = VECTOR('',#3247,1.);
#3247 = DIRECTION('',(7.262035193864E-25,1.));
#3248 = ( GEOMETRIC_REPRESENTATION_CONTEXT(2) 
PARAMETRIC_REPRESENTATION_CONTEXT() REPRESENTATION_CONTEXT('2D SPACE',''
  ) );
#3249 = PCURVE('',#3250,#3255);
#3250 = CYLINDRICAL_SURFACE('',#3251,3.);
#3251 = AXIS2_PLACEMENT_3D('',#3252,#3253,#3254);
#3252 = CARTESIAN_POINT('',(15.000000000015,-15.,13.));
#3253 = DIRECTION('',(-2.581109456958E-12,1.,1.921312680652E-27));
#3254 = DIRECTION('',(-8.881784197001E-16,-2.019483917366E-28,-1.));
#3255 = DEFINITIONAL_REPRESENTATION('',(#3256),#3260);
#3256 = LINE('',#3257,#3258);
#3257 = CARTESIAN_POINT('',(-1.570796326795,0.));
#3258 = VECTOR('',#3259,1.);
#3259 = DIRECTION('',(-0.,1.));
#3260 = ( GEOMETRIC_REPRESENTATION_CONTEXT(2) 
PARAMETRIC_REPRESENTATION_CONTEXT() REPRESENTATION_CONTEXT('2D SPACE',''
  ) );
#3261 = ORIENTED_EDGE('',*,*,#3262,.F.);
#3262 = EDGE_CURVE('',#3263,#3235,#3265,.T.);
#3263 = VERTEX_POINT('',#3264);
#3264 = CARTESIAN_POINT('',(18.000000000015,-14.99999999999,
    -0.500000000001));
#3265 = SURFACE_CURVE('',#3266,(#3270,#3277),.PCURVE_S1.);
#3266 = LINE('',#3267,#3268);
#3267 = CARTESIAN_POINT('',(18.000000000015,-14.99999999999,10.));
#3268 = VECTOR('',#3269,1.);
#3269 = DIRECTION('',(7.216449660064E-16,0.,1.));
#3270 = PCURVE('',#1055,#3271);
#3271 = DEFINITIONAL_REPRESENTATION('',(#3272),#3276);
#3272 = LINE('',#3273,#3274);
#3273 = CARTESIAN_POINT('',(-12.084116646,2.71376632861));
#3274 = VECTOR('',#3275,1.);
#3275 = DIRECTION('',(1.,-7.261477486806E-25));
#3276 = ( GEOMETRIC_REPRESENTATION_CONTEXT(2) 
PARAMETRIC_REPRESENTATION_CONTEXT() REPRESENTATION_CONTEXT('2D SPACE',''
  ) );
#3277 = PCURVE('',#3278,#3283);
#3278 = CYLINDRICAL_SURFACE('',#3279,3.);
#3279 = AXIS2_PLACEMENT_3D('',#3280,#3281,#3282);
#3280 = CARTESIAN_POINT('',(15.000000000015,-15.,9.999999999999));
#3281 = DIRECTION('',(-8.881784197001E-16,0.,-1.));
#3282 = DIRECTION('',(0.,1.,0.));
#3283 = DEFINITIONAL_REPRESENTATION('',(#3284),#3288);
#3284 = LINE('',#3285,#3286);
#3285 = CARTESIAN_POINT('',(1.570796326792,-8.4421E-13));
#3286 = VECTOR('',#3287,1.);
#3287 = DIRECTION('',(0.,-1.));
#3288 = ( GEOMETRIC_REPRESENTATION_CONTEXT(2) 
PARAMETRIC_REPRESENTATION_CONTEXT() REPRESENTATION_CONTEXT('2D SPACE',''
  ) );
#3289 = ORIENTED_EDGE('',*,*,#3290,.F.);
#3290 = EDGE_CURVE('',#3291,#3263,#3293,.T.);
#3291 = VERTEX_POINT('',#3292);
#3292 = CARTESIAN_POINT('',(18.00000000005,-32.6,-0.500000000001));
#3293 = SURFACE_CURVE('',#3294,(#3298,#3305),.PCURVE_S1.);
#3294 = LINE('',#3295,#3296);
#3295 = CARTESIAN_POINT('',(18.000000000046,-33.00000000002,
    -0.500000000001));
#3296 = VECTOR('',#3297,1.);
#3297 = DIRECTION('',(0.,1.,0.));
#3298 = PCURVE('',#1055,#3299);
#3299 = DEFINITIONAL_REPRESENTATION('',(#3300),#3304);
#3300 = LINE('',#3301,#3302);
#3301 = CARTESIAN_POINT('',(-22.584116646,-15.28623367142));
#3302 = VECTOR('',#3303,1.);
#3303 = DIRECTION('',(0.,1.));
#3304 = ( GEOMETRIC_REPRESENTATION_CONTEXT(2) 
PARAMETRIC_REPRESENTATION_CONTEXT() REPRESENTATION_CONTEXT('2D SPACE',''
  ) );
#3305 = PCURVE('',#3306,#3311);
#3306 = CYLINDRICAL_SURFACE('',#3307,11.);
#3307 = AXIS2_PLACEMENT_3D('',#3308,#3309,#3310);
#3308 = CARTESIAN_POINT('',(7.000000000046,-33.00000000002,-0.5));
#3309 = DIRECTION('',(0.,1.,0.));
#3310 = DIRECTION('',(1.,0.,-1.283417816467E-13));
#3311 = DEFINITIONAL_REPRESENTATION('',(#3312),#3316);
#3312 = LINE('',#3313,#3314);
#3313 = CARTESIAN_POINT('',(0.,-8.2E-16));
#3314 = VECTOR('',#3315,1.);
#3315 = DIRECTION('',(0.,1.));
#3316 = ( GEOMETRIC_REPRESENTATION_CONTEXT(2) 
PARAMETRIC_REPRESENTATION_CONTEXT() REPRESENTATION_CONTEXT('2D SPACE',''
  ) );
#3317 = ORIENTED_EDGE('',*,*,#3318,.F.);
#3318 = EDGE_CURVE('',#1040,#3291,#3319,.T.);
#3319 = SURFACE_CURVE('',#3320,(#3324,#3331),.PCURVE_S1.);
#3320 = LINE('',#3321,#3322);
#3321 = CARTESIAN_POINT('',(18.00000000005,-32.6,48.000000000001));
#3322 = VECTOR('',#3323,1.);
#3323 = DIRECTION('',(-1.33226762955E-15,1.6E-16,-1.));
#3324 = PCURVE('',#1055,#3325);
#3325 = DEFINITIONAL_REPRESENTATION('',(#3326),#3330);
#3326 = LINE('',#3327,#3328);
#3327 = CARTESIAN_POINT('',(25.915883353995,-14.8862336714));
#3328 = VECTOR('',#3329,1.);
#3329 = DIRECTION('',(-1.,1.600000007277E-16));
#3330 = ( GEOMETRIC_REPRESENTATION_CONTEXT(2) 
PARAMETRIC_REPRESENTATION_CONTEXT() REPRESENTATION_CONTEXT('2D SPACE',''
  ) );
#3331 = PCURVE('',#272,#3332);
#3332 = DEFINITIONAL_REPRESENTATION('',(#3333),#3337);
#3333 = LINE('',#3334,#3335);
#3334 = CARTESIAN_POINT('',(-0.,0.));
#3335 = VECTOR('',#3336,1.);
#3336 = DIRECTION('',(-0.,1.));
#3337 = ( GEOMETRIC_REPRESENTATION_CONTEXT(2) 
PARAMETRIC_REPRESENTATION_CONTEXT() REPRESENTATION_CONTEXT('2D SPACE',''
  ) );
#3338 = ADVANCED_FACE('',(#3339),#1155,.T.);
#3339 = FACE_BOUND('',#3340,.T.);
#3340 = EDGE_LOOP('',(#3341,#3342,#3343,#3392));
#3341 = ORIENTED_EDGE('',*,*,#1136,.T.);
#3342 = ORIENTED_EDGE('',*,*,#1317,.T.);
#3343 = ORIENTED_EDGE('',*,*,#3344,.F.);
#3344 = EDGE_CURVE('',#3135,#1295,#3345,.T.);
#3345 = SURFACE_CURVE('',#3346,(#3351,#3358),.PCURVE_S1.);
#3346 = CIRCLE('',#3347,3.);
#3347 = AXIS2_PLACEMENT_3D('',#3348,#3349,#3350);
#3348 = CARTESIAN_POINT('',(20.999999999994,-10.88,27.));
#3349 = DIRECTION('',(-8.881784196996E-16,-2.200000000003E-16,-1.));
#3350 = DIRECTION('',(-1.,-2.58111E-12,8.881784197001E-16));
#3351 = PCURVE('',#1155,#3352);
#3352 = DEFINITIONAL_REPRESENTATION('',(#3353),#3357);
#3353 = LINE('',#3354,#3355);
#3354 = CARTESIAN_POINT('',(0.,21.000000000001));
#3355 = VECTOR('',#3356,1.);
#3356 = DIRECTION('',(1.,0.));
#3357 = ( GEOMETRIC_REPRESENTATION_CONTEXT(2) 
PARAMETRIC_REPRESENTATION_CONTEXT() REPRESENTATION_CONTEXT('2D SPACE',''
  ) );
#3358 = PCURVE('',#2166,#3359);
#3359 = DEFINITIONAL_REPRESENTATION('',(#3360),#3391);
#3360 = B_SPLINE_CURVE_WITH_KNOTS('',8,(#3361,#3362,#3363,#3364,#3365,
    #3366,#3367,#3368,#3369,#3370,#3371,#3372,#3373,#3374,#3375,#3376,
    #3377,#3378,#3379,#3380,#3381,#3382,#3383,#3384,#3385,#3386,#3387,
    #3388,#3389,#3390),.UNSPECIFIED.,.F.,.F.,(9,7,7,7,9),(0.,
    0.392699081699,0.785398163399,1.178097245098,1.570796326797),
  .UNSPECIFIED.);
#3361 = CARTESIAN_POINT('',(2.2E-16,20.999999999998));
#3362 = CARTESIAN_POINT('',(0.447455000714,20.999999999998));
#3363 = CARTESIAN_POINT('',(0.884512323469,20.999999999998));
#3364 = CARTESIAN_POINT('',(1.312416345741,20.999999999998));
#3365 = CARTESIAN_POINT('',(1.732276896984,20.999999999999));
#3366 = CARTESIAN_POINT('',(2.145100973885,20.999999999998));
#3367 = CARTESIAN_POINT('',(2.551815495391,20.999999999998));
#3368 = CARTESIAN_POINT('',(2.953284270319,20.999999999998));
#3369 = CARTESIAN_POINT('',(3.747360430466,20.999999999998));
#3370 = CARTESIAN_POINT('',(4.139967944921,20.999999999998));
#3371 = CARTESIAN_POINT('',(4.528961488664,20.999999999998));
#3372 = CARTESIAN_POINT('',(4.915103617815,20.999999999999));
#3373 = CARTESIAN_POINT('',(5.299136074082,20.999999999998));
#3374 = CARTESIAN_POINT('',(5.681762933325,20.999999999998));
#3375 = CARTESIAN_POINT('',(6.063689871926,20.999999999998));
#3376 = CARTESIAN_POINT('',(6.827543340499,20.999999999998));
#3377 = CARTESIAN_POINT('',(7.209470279075,20.999999999997));
#3378 = CARTESIAN_POINT('',(7.592097138337,20.999999999999));
#3379 = CARTESIAN_POINT('',(7.976129594623,20.999999999997));
#3380 = CARTESIAN_POINT('',(8.362271723735,20.999999999999));
#3381 = CARTESIAN_POINT('',(8.751265267498,20.999999999998));
#3382 = CARTESIAN_POINT('',(9.143872781952,20.999999999998));
#3383 = CARTESIAN_POINT('',(9.9379489421,20.999999999998));
#3384 = CARTESIAN_POINT('',(10.339417717029,20.999999999999));
#3385 = CARTESIAN_POINT('',(10.746132238509,20.999999999997));
#3386 = CARTESIAN_POINT('',(11.158956315455,20.999999999999));
#3387 = CARTESIAN_POINT('',(11.578816866702,20.999999999997));
#3388 = CARTESIAN_POINT('',(12.006720888904,20.999999999999));
#3389 = CARTESIAN_POINT('',(12.443778211725,20.999999999998));
#3390 = CARTESIAN_POINT('',(12.891233212439,20.999999999998));
#3391 = ( GEOMETRIC_REPRESENTATION_CONTEXT(2) 
PARAMETRIC_REPRESENTATION_CONTEXT() REPRESENTATION_CONTEXT('2D SPACE',''
  ) );
#3392 = ORIENTED_EDGE('',*,*,#3134,.F.);
#3393 = ADVANCED_FACE('',(#3394),#272,.T.);
#3394 = FACE_BOUND('',#3395,.F.);
#3395 = EDGE_LOOP('',(#3396,#3397,#3398,#3420));
#3396 = ORIENTED_EDGE('',*,*,#1067,.T.);
#3397 = ORIENTED_EDGE('',*,*,#256,.T.);
#3398 = ORIENTED_EDGE('',*,*,#3399,.F.);
#3399 = EDGE_CURVE('',#3291,#228,#3400,.T.);
#3400 = SURFACE_CURVE('',#3401,(#3406,#3413),.PCURVE_S1.);
#3401 = CIRCLE('',#3402,2.);
#3402 = AXIS2_PLACEMENT_3D('',#3403,#3404,#3405);
#3403 = CARTESIAN_POINT('',(20.00000000005,-32.6,-0.500000000001));
#3404 = DIRECTION('',(1.332267629551E-15,-1.6E-16,1.));
#3405 = DIRECTION('',(-1.,-2.58111E-12,1.33226762955E-15));
#3406 = PCURVE('',#272,#3407);
#3407 = DEFINITIONAL_REPRESENTATION('',(#3408),#3412);
#3408 = LINE('',#3409,#3410);
#3409 = CARTESIAN_POINT('',(-0.,48.500000000002));
#3410 = VECTOR('',#3411,1.);
#3411 = DIRECTION('',(-1.,0.));
#3412 = ( GEOMETRIC_REPRESENTATION_CONTEXT(2) 
PARAMETRIC_REPRESENTATION_CONTEXT() REPRESENTATION_CONTEXT('2D SPACE',''
  ) );
#3413 = PCURVE('',#244,#3414);
#3414 = DEFINITIONAL_REPRESENTATION('',(#3415),#3419);
#3415 = LINE('',#3416,#3417);
#3416 = CARTESIAN_POINT('',(-1.29E-15,3.14159265359));
#3417 = VECTOR('',#3418,1.);
#3418 = DIRECTION('',(0.,1.));
#3419 = ( GEOMETRIC_REPRESENTATION_CONTEXT(2) 
PARAMETRIC_REPRESENTATION_CONTEXT() REPRESENTATION_CONTEXT('2D SPACE',''
  ) );
#3420 = ORIENTED_EDGE('',*,*,#3318,.F.);
#3421 = ADVANCED_FACE('',(#3422),#1186,.F.);
#3422 = FACE_BOUND('',#3423,.F.);
#3423 = EDGE_LOOP('',(#3424,#3425,#3446,#3447));
#3424 = ORIENTED_EDGE('',*,*,#1169,.F.);
#3425 = ORIENTED_EDGE('',*,*,#3426,.T.);
#3426 = EDGE_CURVE('',#1170,#2769,#3427,.T.);
#3427 = SEAM_CURVE('',#3428,(#3432,#3439),.PCURVE_S1.);
#3428 = LINE('',#3429,#3430);
#3429 = CARTESIAN_POINT('',(21.325,-23.3,48.));
#3430 = VECTOR('',#3431,1.);
#3431 = DIRECTION('',(-6.661338147751E-16,0.,-1.));
#3432 = PCURVE('',#1186,#3433);
#3433 = DEFINITIONAL_REPRESENTATION('',(#3434),#3438);
#3434 = LINE('',#3435,#3436);
#3435 = CARTESIAN_POINT('',(6.28318530718,0.));
#3436 = VECTOR('',#3437,1.);
#3437 = DIRECTION('',(0.,-1.));
#3438 = ( GEOMETRIC_REPRESENTATION_CONTEXT(2) 
PARAMETRIC_REPRESENTATION_CONTEXT() REPRESENTATION_CONTEXT('2D SPACE',''
  ) );
#3439 = PCURVE('',#1186,#3440);
#3440 = DEFINITIONAL_REPRESENTATION('',(#3441),#3445);
#3441 = LINE('',#3442,#3443);
#3442 = CARTESIAN_POINT('',(0.,0.));
#3443 = VECTOR('',#3444,1.);
#3444 = DIRECTION('',(0.,-1.));
#3445 = ( GEOMETRIC_REPRESENTATION_CONTEXT(2) 
PARAMETRIC_REPRESENTATION_CONTEXT() REPRESENTATION_CONTEXT('2D SPACE',''
  ) );
#3446 = ORIENTED_EDGE('',*,*,#2768,.T.);
#3447 = ORIENTED_EDGE('',*,*,#3426,.F.);
#3448 = ADVANCED_FACE('',(#3449),#2166,.T.);
#3449 = FACE_BOUND('',#3450,.T.);
#3450 = EDGE_LOOP('',(#3451,#3452,#3453,#3473));
#3451 = ORIENTED_EDGE('',*,*,#3344,.T.);
#3452 = ORIENTED_EDGE('',*,*,#2144,.T.);
#3453 = ORIENTED_EDGE('',*,*,#3454,.F.);
#3454 = EDGE_CURVE('',#3158,#1369,#3455,.T.);
#3455 = SURFACE_CURVE('',#3456,(#3460,#3467),.PCURVE_S1.);
#3456 = ( BOUNDED_CURVE() B_SPLINE_CURVE(2,(#3457,#3458,#3459),
.UNSPECIFIED.,.F.,.F.) B_SPLINE_CURVE_WITH_KNOTS((3,3),(0.,
12.891233212439),.PIECEWISE_BEZIER_KNOTS.) CURVE() 
GEOMETRIC_REPRESENTATION_ITEM() RATIONAL_B_SPLINE_CURVE((1.,
0.707106800394,1.)) REPRESENTATION_ITEM('') );
#3457 = CARTESIAN_POINT('',(17.999999999989,-5.162856739888,
    13.000000000001));
#3458 = CARTESIAN_POINT('',(17.999999999983,-3.020433114886,
    15.100004769787));
#3459 = CARTESIAN_POINT('',(20.999999387646,-3.021582390215,
    15.101177492641));
#3460 = PCURVE('',#2166,#3461);
#3461 = DEFINITIONAL_REPRESENTATION('',(#3462),#3466);
#3462 = LINE('',#3463,#3464);
#3463 = CARTESIAN_POINT('',(0.,33.891233212437));
#3464 = VECTOR('',#3465,1.);
#3465 = DIRECTION('',(1.,0.));
#3466 = ( GEOMETRIC_REPRESENTATION_CONTEXT(2) 
PARAMETRIC_REPRESENTATION_CONTEXT() REPRESENTATION_CONTEXT('2D SPACE',''
  ) );
#3467 = PCURVE('',#1701,#3468);
#3468 = DEFINITIONAL_REPRESENTATION('',(#3469),#3472);
#3469 = B_SPLINE_CURVE_WITH_KNOTS('',1,(#3470,#3471),.UNSPECIFIED.,.F.,
  .F.,(2,2),(0.,12.891233212439),.PIECEWISE_BEZIER_KNOTS.);
#3470 = CARTESIAN_POINT('',(0.,33.891233212438));
#3471 = CARTESIAN_POINT('',(14.308972357116,33.891233212438));
#3472 = ( GEOMETRIC_REPRESENTATION_CONTEXT(2) 
PARAMETRIC_REPRESENTATION_CONTEXT() REPRESENTATION_CONTEXT('2D SPACE',''
  ) );
#3473 = ORIENTED_EDGE('',*,*,#3157,.F.);
#3474 = ADVANCED_FACE('',(#3475),#1701,.T.);
#3475 = FACE_BOUND('',#3476,.T.);
#3476 = EDGE_LOOP('',(#3477,#3478,#3479));
#3477 = ORIENTED_EDGE('',*,*,#3454,.T.);
#3478 = ORIENTED_EDGE('',*,*,#1368,.T.);
#3479 = ORIENTED_EDGE('',*,*,#3480,.F.);
#3480 = EDGE_CURVE('',#3158,#1346,#3481,.T.);
#3481 = SURFACE_CURVE('',#3482,(#3628,#3635),.PCURVE_S1.);
#3482 = ( BOUNDED_CURVE() B_SPLINE_CURVE(14,(#3483,#3484,#3485,#3486,
    #3487,#3488,#3489,#3490,#3491,#3492,#3493,#3494,#3495,#3496,#3497,
    #3498,#3499,#3500,#3501,#3502,#3503,#3504,#3505,#3506,#3507,#3508,
    #3509,#3510,#3511,#3512,#3513,#3514,#3515,#3516,#3517,#3518,#3519,
    #3520,#3521,#3522,#3523,#3524,#3525,#3526,#3527,#3528,#3529,#3530,
    #3531,#3532,#3533,#3534,#3535,#3536,#3537,#3538,#3539,#3540,#3541,
    #3542,#3543,#3544,#3545,#3546,#3547,#3548,#3549,#3550,#3551,#3552,
    #3553,#3554,#3555,#3556,#3557,#3558,#3559,#3560,#3561,#3562,#3563,
    #3564,#3565,#3566,#3567,#3568,#3569,#3570,#3571,#3572,#3573,#3574,
    #3575,#3576,#3577,#3578,#3579,#3580,#3581,#3582,#3583,#3584,#3585,
    #3586,#3587,#3588,#3589,#3590,#3591,#3592,#3593,#3594,#3595,#3596,
    #3597,#3598,#3599,#3600,#3601,#3602,#3603,#3604,#3605,#3606,#3607,
    #3608,#3609,#3610,#3611,#3612,#3613,#3614,#3615,#3616,#3617,#3618,
    #3619,#3620,#3621,#3622,#3623,#3624,#3625,#3626,#3627),
.UNSPECIFIED.,.F.,.F.) B_SPLINE_CURVE_WITH_KNOTS((15,13,13,13,13,13,13,
    13,13,13,13,15),(33.891233212438,37.086983668504,39.016946120029,
    43.140284934142,45.670245251848,46.935225410701,47.909914083965,
    48.055059826759,48.127632698157,48.163919133855,48.182062351704,
48.200205569554),.UNSPECIFIED.) CURVE() GEOMETRIC_REPRESENTATION_ITEM() 
RATIONAL_B_SPLINE_CURVE((1.,0.999999999999,1.000000000002,0.999999999994
    ,1.000000000012,0.999999999982,1.000000000022,0.999999999979,
    1.000000000017,0.999999999988,1.000000000007,0.999999999997,
    1.000000000001,1.,1.,0.999999999998,1.000000000007,0.999999999985,
    1.000000000025,0.999999999968,1.000000000035,0.99999999997,
    1.000000000022,0.999999999988,1.000000000005,0.999999999998,1.,1.,1.
    ,1.000000000001,0.999999999997,1.000000000006,0.999999999992,
    1.000000000008,0.999999999993,1.000000000005,0.999999999997,
    1.000000000001,1.,1.,1.,1.,0.999999999999,1.000000000002,
    0.999999999998,1.000000000001,1.,0.999999999998,1.000000000002,
    0.999999999998,1.000000000001,0.999999999999,1.,1.,1.000000000002,
    0.999999999995,1.000000000011,0.999999999981,1.000000000025,
    0.999999999974,1.000000000023,0.999999999984,1.00000000001,
    0.999999999996,1.000000000002,1.,1.,0.999999999999,1.000000000004,
    0.999999999992,1.000000000013,0.999999999983,1.000000000018,
    0.999999999984,1.000000000012,0.999999999993,1.000000000003,
    0.999999999999,1.,1.,1.,1.,1.,1.,1.,0.999999999999,1.000000000002,
    0.999999999998,1.000000000002,0.999999999999,1.,1.,1.,0.999999999999
    ,1.000000000004,0.999999999992,1.000000000012,0.999999999985,
    1.000000000015,0.999999999987,1.000000000009,0.999999999995,
    1.000000000002,0.999999999999,1.,1.,0.999999999999,1.000000000002,
    0.999999999996,1.000000000007,0.999999999991,1.000000000009,
    0.999999999992,1.000000000006,0.999999999997,1.000000000001,1.,1.,1.
    ,0.999999999999,1.000000000002,0.999999999995,1.000000000009,
    0.999999999988,1.000000000014,0.999999999987,1.00000000001,
    0.999999999994,1.000000000003,0.999999999999,1.,0.999999999999,
    1.000000000003,0.999999999991,1.000000000019,0.999999999969,
    1.000000000041,0.999999999957,1.000000000038,0.999999999973,
    1.000000000016,0.999999999993,1.000000000003,0.999999999999,1.)) 
REPRESENTATION_ITEM('') );
#3483 = CARTESIAN_POINT('',(17.99999999999,-5.162856739887,
    13.000000000001));
#3484 = CARTESIAN_POINT('',(17.99999999999,-4.904831404685,
    12.868380913643));
#3485 = CARTESIAN_POINT('',(17.993782992975,-4.646070754038,
    12.741282882261));
#3486 = CARTESIAN_POINT('',(17.982039043971,-4.386614808222,
    12.61875210951));
#3487 = CARTESIAN_POINT('',(17.965392684731,-4.126540354787,
    12.500789853237));
#3488 = CARTESIAN_POINT('',(17.944406431556,-3.865955086367,
    12.387357649223));
#3489 = CARTESIAN_POINT('',(17.919584303053,-3.604991738776,
    12.278382534945));
#3490 = CARTESIAN_POINT('',(17.891375337994,-3.343802228406,
    12.173762273233));
#3491 = CARTESIAN_POINT('',(17.860177113038,-3.082551790914,
    12.073370576175));
#3492 = CARTESIAN_POINT('',(17.826339260613,-2.821413118006,
    11.977062328617));
#3493 = CARTESIAN_POINT('',(17.790166986635,-2.560560496525,
    11.884678812176));
#3494 = CARTESIAN_POINT('',(17.75192458837,-2.300163945216,
    11.796052928724));
#3495 = CARTESIAN_POINT('',(17.711838972191,-2.040383353457,
    11.711014424326));
#3496 = CARTESIAN_POINT('',(17.670103171397,-1.781362618597,
    11.629395112852));
#3497 = CARTESIAN_POINT('',(17.6007766493,-1.367329804056,
    11.503710688594));
#3498 = CARTESIAN_POINT('',(17.573387089024,-1.23395393804,
    11.456232615881));
#3499 = CARTESIAN_POINT('',(17.547197134942,-1.065890645787,
    11.413139681381));
#3500 = CARTESIAN_POINT('',(17.518401387253,-0.942825703636,
    11.36697726892));
#3501 = CARTESIAN_POINT('',(17.491573589399,-0.780788242993,
    11.326679340521));
#3502 = CARTESIAN_POINT('',(17.462793445963,-0.643632582157,
    11.284157940975));
#3503 = CARTESIAN_POINT('',(17.434166436105,-0.503401606654,
    11.243792839724));
#3504 = CARTESIAN_POINT('',(17.405827815283,-0.353745162627,
    11.20562926576));
#3505 = CARTESIAN_POINT('',(17.376223816577,-0.218926017436,
    11.166398909086));
#3506 = CARTESIAN_POINT('',(17.347199471354,-7.428039072688E-02,
    11.129964550907));
#3507 = CARTESIAN_POINT('',(17.317476323783,6.43592929596E-02,
    11.093468757966));
#3508 = CARTESIAN_POINT('',(17.287694274782,0.204172773833,
    11.058276756033));
#3509 = CARTESIAN_POINT('',(17.257655598281,0.342974672305,
    11.023885338639));
#3510 = CARTESIAN_POINT('',(17.162805851287,0.77661193387,10.91875680198
    ));
#3511 = CARTESIAN_POINT('',(17.09726111225,1.069304181531,
    10.851081034652));
#3512 = CARTESIAN_POINT('',(17.030872930566,1.359610321194,10.7870789624
    ));
#3513 = CARTESIAN_POINT('',(16.963723028318,1.647792362813,
    10.726524100884));
#3514 = CARTESIAN_POINT('',(16.895883485537,1.93407576771,
    10.669221189737));
#3515 = CARTESIAN_POINT('',(16.82741768859,2.218654057832,10.61500275658
    ));
#3516 = CARTESIAN_POINT('',(16.758381278748,2.501693425426,
    10.56372568123));
#3517 = CARTESIAN_POINT('',(16.68882310044,2.783337342212,
    10.515267759567));
#3518 = CARTESIAN_POINT('',(16.618786149963,3.063711169073,
    10.469524267883));
#3519 = CARTESIAN_POINT('',(16.548308523645,3.342926765284,
    10.426404526665));
#3520 = CARTESIAN_POINT('',(16.477424366554,3.6210870981,10.385828464941
    ));
#3521 = CARTESIAN_POINT('',(16.406164820746,3.898290852103,
    10.347723184151));
#3522 = CARTESIAN_POINT('',(16.334558973847,4.174637038682,
    10.312019522355));
#3523 = CARTESIAN_POINT('',(16.218504238698,4.619325158654,
    10.258173205723));
#3524 = CARTESIAN_POINT('',(16.174253636102,4.788133801589,
    10.238578152271));
#3525 = CARTESIAN_POINT('',(16.129889995714,4.956670783482,
    10.219850910748));
#3526 = CARTESIAN_POINT('',(16.085420060888,5.124951060423,
    10.201979624459));
#3527 = CARTESIAN_POINT('',(16.040850322209,5.29298929541,10.18495312711
    ));
#3528 = CARTESIAN_POINT('',(15.996187017594,5.46079985826,
    10.168760942883));
#3529 = CARTESIAN_POINT('',(15.951436132117,5.628396825764,
    10.15339328631));
#3530 = CARTESIAN_POINT('',(15.906603398266,5.795793981472,
    10.13884106246));
#3531 = CARTESIAN_POINT('',(15.861694295619,5.96300481594,
    10.125095866701));
#3532 = CARTESIAN_POINT('',(15.816714051193,6.130042526492,
    10.11214998496));
#3533 = CARTESIAN_POINT('',(15.771667639125,6.29692001741,
    10.099996393477));
#3534 = CARTESIAN_POINT('',(15.726559780918,6.463649899813,
    10.088628759004));
#3535 = CARTESIAN_POINT('',(15.681394945282,6.630244491714,
    10.078041438673));
#3536 = CARTESIAN_POINT('',(15.613568549687,6.879951481149,
    10.063323500759));
#3537 = CARTESIAN_POINT('',(15.590946771425,6.963156237268,
    10.058610944925));
#3538 = CARTESIAN_POINT('',(15.568312568476,7.046331442709,
    10.054091335484));
#3539 = CARTESIAN_POINT('',(15.545666495874,7.129478453724,
    10.04976419535));
#3540 = CARTESIAN_POINT('',(15.523009108671,7.212598626797,
    10.045629047453));
#3541 = CARTESIAN_POINT('',(15.500340961889,7.295693317967,
    10.041685414698));
#3542 = CARTESIAN_POINT('',(15.47766261059,7.378763883978,
    10.037932820024));
#3543 = CARTESIAN_POINT('',(15.454974609797,7.46181168064,10.03437078633
    ));
#3544 = CARTESIAN_POINT('',(15.43227751456,7.544838064805,
    10.030998836555));
#3545 = CARTESIAN_POINT('',(15.409571879918,7.627844392342,
    10.027816493604));
#3546 = CARTESIAN_POINT('',(15.386858260907,7.710832019903,
    10.024823280406));
#3547 = CARTESIAN_POINT('',(15.364137212572,7.793802303617,
    10.022018719876));
#3548 = CARTESIAN_POINT('',(15.341409289952,7.876756599902,
    10.019402334937));
#3549 = CARTESIAN_POINT('',(15.301157929036,8.023602684147,
    10.015102304409));
#3550 = CARTESIAN_POINT('',(15.283636994931,8.087500513986,
    10.01334248228));
#3551 = CARTESIAN_POINT('',(15.266112482464,8.151390342981,
    10.011694097549));
#3552 = CARTESIAN_POINT('',(15.248584628349,8.215272759584,
    10.010157065656));
#3553 = CARTESIAN_POINT('',(15.231053669244,8.27914835217,
    10.008731302014));
#3554 = CARTESIAN_POINT('',(15.213519841916,8.343017709241,
    10.007416722091));
#3555 = CARTESIAN_POINT('',(15.195983382959,8.406881419126,
    10.006213241265));
#3556 = CARTESIAN_POINT('',(15.178444529195,8.470740070351,
    10.005120775034));
#3557 = CARTESIAN_POINT('',(15.160903517192,8.534594251257,
    10.004139238763));
#3558 = CARTESIAN_POINT('',(15.143360583759,8.598444550324,
    10.003268547941));
#3559 = CARTESIAN_POINT('',(15.125815965511,8.662291555953,
    10.002508617959));
#3560 = CARTESIAN_POINT('',(15.108269899194,8.726135856573,
    10.001859364274));
#3561 = CARTESIAN_POINT('',(15.09072262148,8.789978040616,
    10.001320702305));
#3562 = CARTESIAN_POINT('',(15.070561171447,8.863325526396,
    10.000828788824));
#3563 = CARTESIAN_POINT('',(15.067947953009,8.872832318535,
    10.000767483162));
#3564 = CARTESIAN_POINT('',(15.065334714751,8.882339074025,
    10.000708630431));
#3565 = CARTESIAN_POINT('',(15.062721457652,8.891845794092,
    10.000652230552));
#3566 = CARTESIAN_POINT('',(15.060108182722,8.901352479667,
    10.000598283466));
#3567 = CARTESIAN_POINT('',(15.057494890907,8.910859132254,
    10.000546789071));
#3568 = CARTESIAN_POINT('',(15.054881583253,8.920365752449,
    10.000497747339));
#3569 = CARTESIAN_POINT('',(15.052268260684,8.929872342048,
    10.000451158141));
#3570 = CARTESIAN_POINT('',(15.049654924242,8.939378901515,
    10.000407021456));
#3571 = CARTESIAN_POINT('',(15.047041574878,8.948885432558,
    10.000365337172));
#3572 = CARTESIAN_POINT('',(15.044428213597,8.958391935908,
    10.000326105238));
#3573 = CARTESIAN_POINT('',(15.041814841382,8.967898412937,
    10.000289325571));
#3574 = CARTESIAN_POINT('',(15.03920145922,8.977404864672,10.0002549981)
  );
#3575 = CARTESIAN_POINT('',(15.03528137254,8.991664506095,
    10.000207185078));
#3576 = CARTESIAN_POINT('',(15.033974674743,8.996417713898,
    10.000191860441));
#3577 = CARTESIAN_POINT('',(15.032667974812,9.001170915967,
    10.000177148843));
#3578 = CARTESIAN_POINT('',(15.031361272807,9.005924112517,
    10.000163050255));
#3579 = CARTESIAN_POINT('',(15.030054568888,9.010677303895,
    10.000149564724));
#3580 = CARTESIAN_POINT('',(15.028747863034,9.01543049019,
    10.000136692158));
#3581 = CARTESIAN_POINT('',(15.027441155491,9.020183671911,
    10.000124432669));
#3582 = CARTESIAN_POINT('',(15.02613444618,9.024936848995,
    10.000112786123));
#3583 = CARTESIAN_POINT('',(15.024827735349,9.029690022035,
    10.000101752631));
#3584 = CARTESIAN_POINT('',(15.023521022974,9.034443190987,
    10.000091332101));
#3585 = CARTESIAN_POINT('',(15.022214309218,9.039196356331,
    10.000081524581));
#3586 = CARTESIAN_POINT('',(15.020907594139,9.043949518184,
    10.000072330041));
#3587 = CARTESIAN_POINT('',(15.019600877841,9.048702676872,
    10.000063748484));
#3588 = CARTESIAN_POINT('',(15.0176408017,9.055832410499,10.000051795613
    ));
#3589 = CARTESIAN_POINT('',(15.016987442696,9.058208987662,
    10.000047964565));
#3590 = CARTESIAN_POINT('',(15.016334083432,9.060585564107,
    10.000044286773));
#3591 = CARTESIAN_POINT('',(15.015680723866,9.06296213996,
    10.000040762193));
#3592 = CARTESIAN_POINT('',(15.015027364126,9.065338715028,
    10.000037390921));
#3593 = CARTESIAN_POINT('',(15.014374004023,9.067715289729,
    10.000034172789));
#3594 = CARTESIAN_POINT('',(15.013720643856,9.07009186352,
    10.000031108037));
#3595 = CARTESIAN_POINT('',(15.013067283296,9.07246843712,
    10.000028196377));
#3596 = CARTESIAN_POINT('',(15.012413922694,9.074845009857,
    10.000025438098));
#3597 = CARTESIAN_POINT('',(15.011760561779,9.077221582348,
    10.000022832956));
#3598 = CARTESIAN_POINT('',(15.01110720076,9.079598154206,
    10.000020381122));
#3599 = CARTESIAN_POINT('',(15.010453839536,9.081974725697,
    10.000018082496));
#3600 = CARTESIAN_POINT('',(15.009800478171,9.084351296739,
    10.000015937124));
#3601 = CARTESIAN_POINT('',(15.008820435903,9.087916152725,
    10.000012948923));
#3602 = CARTESIAN_POINT('',(15.008493755112,9.089104437953,
    10.000011991166));
#3603 = CARTESIAN_POINT('',(15.008167074288,9.090292723086,
    10.00001107172));
#3604 = CARTESIAN_POINT('',(15.007840393427,9.091481008119,
    10.000010190582));
#3605 = CARTESIAN_POINT('',(15.007513712547,9.092669293072,
    10.000009347759));
#3606 = CARTESIAN_POINT('',(15.007187031617,9.09385757791,
    10.000008543239));
#3607 = CARTESIAN_POINT('',(15.006860350691,9.095045862701,
    10.000007777039));
#3608 = CARTESIAN_POINT('',(15.006533669702,9.096234147354,
    10.000007049138));
#3609 = CARTESIAN_POINT('',(15.006206988725,9.097422431984,
    10.000006359557));
#3610 = CARTESIAN_POINT('',(15.005880307698,9.098610716479,
    10.000005708279));
#3611 = CARTESIAN_POINT('',(15.005553626668,9.099799000938,
    10.000005095315));
#3612 = CARTESIAN_POINT('',(15.00522694561,9.100987285297,10.00000452066
    ));
#3613 = CARTESIAN_POINT('',(15.004900264538,9.102175569595,
    10.000003984315));
#3614 = CARTESIAN_POINT('',(15.004246902362,9.104552138045,
    10.000002988245));
#3615 = CARTESIAN_POINT('',(15.004040680886,9.10579102473,
    10.000002528518));
#3616 = CARTESIAN_POINT('',(15.002665971615,9.106539054479,
    10.000002107123));
#3617 = CARTESIAN_POINT('',(15.006921055765,9.109652040623,
    10.000001723929));
#3618 = CARTESIAN_POINT('',(14.993543235429,9.10535781867,
    10.000001379389));
#3619 = CARTESIAN_POINT('',(15.019842224564,9.117730980159,
    10.000001072382));
#3620 = CARTESIAN_POINT('',(14.978834853046,9.101830171514,
    10.000000805007));
#3621 = CARTESIAN_POINT('',(15.026084552078,9.123004280343,
    10.000000574205));
#3622 = CARTESIAN_POINT('',(14.982832588839,9.106160566371,
    10.000000383496));
#3623 = CARTESIAN_POINT('',(15.012276232591,9.119854730121,
    10.000000229664));
#3624 = CARTESIAN_POINT('',(14.996337550856,9.114484744465,
    10.000000115037));
#3625 = CARTESIAN_POINT('',(15.001980772336,9.11818085711,
    10.000000038294));
#3626 = CARTESIAN_POINT('',(15.000117132287,9.118723496894,
    10.000000000009));
#3627 = CARTESIAN_POINT('',(14.999999999959,9.12,10.));
#3628 = PCURVE('',#1701,#3629);
#3629 = DEFINITIONAL_REPRESENTATION('',(#3630),#3634);
#3630 = LINE('',#3631,#3632);
#3631 = CARTESIAN_POINT('',(0.,0.));
#3632 = VECTOR('',#3633,1.);
#3633 = DIRECTION('',(0.,1.));
#3634 = ( GEOMETRIC_REPRESENTATION_CONTEXT(2) 
PARAMETRIC_REPRESENTATION_CONTEXT() REPRESENTATION_CONTEXT('2D SPACE',''
  ) );
#3635 = PCURVE('',#2288,#3636);
#3636 = DEFINITIONAL_REPRESENTATION('',(#3637),#3820);
#3637 = B_SPLINE_CURVE_WITH_KNOTS('',11,(#3638,#3639,#3640,#3641,#3642,
    #3643,#3644,#3645,#3646,#3647,#3648,#3649,#3650,#3651,#3652,#3653,
    #3654,#3655,#3656,#3657,#3658,#3659,#3660,#3661,#3662,#3663,#3664,
    #3665,#3666,#3667,#3668,#3669,#3670,#3671,#3672,#3673,#3674,#3675,
    #3676,#3677,#3678,#3679,#3680,#3681,#3682,#3683,#3684,#3685,#3686,
    #3687,#3688,#3689,#3690,#3691,#3692,#3693,#3694,#3695,#3696,#3697,
    #3698,#3699,#3700,#3701,#3702,#3703,#3704,#3705,#3706,#3707,#3708,
    #3709,#3710,#3711,#3712,#3713,#3714,#3715,#3716,#3717,#3718,#3719,
    #3720,#3721,#3722,#3723,#3724,#3725,#3726,#3727,#3728,#3729,#3730,
    #3731,#3732,#3733,#3734,#3735,#3736,#3737,#3738,#3739,#3740,#3741,
    #3742,#3743,#3744,#3745,#3746,#3747,#3748,#3749,#3750,#3751,#3752,
    #3753,#3754,#3755,#3756,#3757,#3758,#3759,#3760,#3761,#3762,#3763,
    #3764,#3765,#3766,#3767,#3768,#3769,#3770,#3771,#3772,#3773,#3774,
    #3775,#3776,#3777,#3778,#3779,#3780,#3781,#3782,#3783,#3784,#3785,
    #3786,#3787,#3788,#3789,#3790,#3791,#3792,#3793,#3794,#3795,#3796,
    #3797,#3798,#3799,#3800,#3801,#3802,#3803,#3804,#3805,#3806,#3807,
    #3808,#3809,#3810,#3811,#3812,#3813,#3814,#3815,#3816,#3817,#3818,
    #3819),.UNSPECIFIED.,.F.,.F.,(12,10,10,10,10,10,10,10,10,10,10,10,10
    ,10,10,10,10,10,12),(33.891233212438,35.679854757077,36.574165529397
    ,37.021320915557,37.077215338827,37.133109762097,37.244898608637,
    37.468476301717,41.045719390996,44.622962480275,46.411584024914,
    47.305894797234,47.753050183394,47.976627876474,48.088416723014,
    48.144311146284,48.172258357919,48.186231963736,48.200205569554),
  .UNSPECIFIED.);
#3638 = CARTESIAN_POINT('',(-1.570796326795,2.717143260114));
#3639 = CARTESIAN_POINT('',(-1.539544272819,2.900942325873));
#3640 = CARTESIAN_POINT('',(-1.509071667192,3.085120536596));
#3641 = CARTESIAN_POINT('',(-1.479345508462,3.269664602466));
#3642 = CARTESIAN_POINT('',(-1.450334545284,3.454549126205));
#3643 = CARTESIAN_POINT('',(-1.42200909093,3.63973828439));
#3644 = CARTESIAN_POINT('',(-1.394340837594,3.825187508388));
#3645 = CARTESIAN_POINT('',(-1.367302670983,4.01084516582));
#3646 = CARTESIAN_POINT('',(-1.340868484581,4.196654241422));
#3647 = CARTESIAN_POINT('',(-1.315012994221,4.382554018471));
#3648 = CARTESIAN_POINT('',(-1.289711552418,4.568481759775));
#3649 = CARTESIAN_POINT('',(-1.252554168075,4.847320703527));
#3650 = CARTESIAN_POINT('',(-1.240300699855,4.940257880948));
#3651 = CARTESIAN_POINT('',(-1.228176661673,5.033178030651));
#3652 = CARTESIAN_POINT('',(-1.216179157,5.12607326206));
#3653 = CARTESIAN_POINT('',(-1.204305289314,5.218935684639));
#3654 = CARTESIAN_POINT('',(-1.192552162085,5.311757407796));
#3655 = CARTESIAN_POINT('',(-1.180916878791,5.404530540998));
#3656 = CARTESIAN_POINT('',(-1.169396542904,5.497247193663));
#3657 = CARTESIAN_POINT('',(-1.157988257899,5.589899475241));
#3658 = CARTESIAN_POINT('',(-1.146689127251,5.682479495168));
#3659 = CARTESIAN_POINT('',(-1.129899818024,5.821229296739));
#3660 = CARTESIAN_POINT('',(-1.124329974316,5.86745924909));
#3661 = CARTESIAN_POINT('',(-1.118786371611,5.91366835707));
#3662 = CARTESIAN_POINT('',(-1.113268658214,5.959855757837));
#3663 = CARTESIAN_POINT('',(-1.107776482422,6.006020588496));
#3664 = CARTESIAN_POINT('',(-1.102309492546,6.052161986241));
#3665 = CARTESIAN_POINT('',(-1.096867336879,6.098279088155));
#3666 = CARTESIAN_POINT('',(-1.091449663732,6.144371031428));
#3667 = CARTESIAN_POINT('',(-1.086056121402,6.190436953167));
#3668 = CARTESIAN_POINT('',(-1.080686358195,6.236475990532));
#3669 = CARTESIAN_POINT('',(-1.074671730439,6.28823869192));
#3670 = CARTESIAN_POINT('',(-1.074003804495,6.293989671572));
#3671 = CARTESIAN_POINT('',(-1.073336243885,6.299740218167));
#3672 = CARTESIAN_POINT('',(-1.072669047912,6.305490330264));
#3673 = CARTESIAN_POINT('',(-1.072002215881,6.311240006416));
#3674 = CARTESIAN_POINT('',(-1.071335747096,6.31698924519));
#3675 = CARTESIAN_POINT('',(-1.070669640861,6.322738045129));
#3676 = CARTESIAN_POINT('',(-1.070003896482,6.328486404806));
#3677 = CARTESIAN_POINT('',(-1.069338513262,6.334234322767));
#3678 = CARTESIAN_POINT('',(-1.068673490505,6.339981797575));
#3679 = CARTESIAN_POINT('',(-1.067344164526,6.351475857996));
#3680 = CARTESIAN_POINT('',(-1.066680115379,6.357233740955));
#3681 = CARTESIAN_POINT('',(-1.066016107389,6.362977425296));
#3682 = CARTESIAN_POINT('',(-1.065351840015,6.368693395469));
#3683 = CARTESIAN_POINT('',(-1.064687222827,6.374377064307));
#3684 = CARTESIAN_POINT('',(-1.064022313424,6.380030165529));
#3685 = CARTESIAN_POINT('',(-1.063357255416,6.385658146359));
#3686 = CARTESIAN_POINT('',(-1.062692216336,6.391267559991));
#3687 = CARTESIAN_POINT('',(-1.062027325617,6.396863458215));
#3688 = CARTESIAN_POINT('',(-1.061362612517,6.402446783904));
#3689 = CARTESIAN_POINT('',(-1.059368607207,6.419141722992));
#3690 = CARTESIAN_POINT('',(-1.05803986452,6.43021499125));
#3691 = CARTESIAN_POINT('',(-1.056712002012,6.441242216596));
#3692 = CARTESIAN_POINT('',(-1.055385266641,6.452232723404));
#3693 = CARTESIAN_POINT('',(-1.054059866322,6.463194512179));
#3694 = CARTESIAN_POINT('',(-1.052735969937,6.474134259585));
#3695 = CARTESIAN_POINT('',(-1.051413707328,6.485057318419));
#3696 = CARTESIAN_POINT('',(-1.050093169299,6.495967717628));
#3697 = CARTESIAN_POINT('',(-1.048774407619,6.506868162302));
#3698 = CARTESIAN_POINT('',(-1.047457435016,6.517760033673));
#3699 = CARTESIAN_POINT('',(-1.043511805513,6.550410100014));
#3700 = CARTESIAN_POINT('',(-1.0408887175,6.572152629228));
#3701 = CARTESIAN_POINT('',(-1.038272898381,6.593874345589));
#3702 = CARTESIAN_POINT('',(-1.035664276957,6.615577763755));
#3703 = CARTESIAN_POINT('',(-1.033062773582,6.637264544188));
#3704 = CARTESIAN_POINT('',(-1.030468300173,6.658935493194));
#3705 = CARTESIAN_POINT('',(-1.027880760199,6.680590562879));
#3706 = CARTESIAN_POINT('',(-1.025300048695,6.702228851185));
#3707 = CARTESIAN_POINT('',(-1.022726052245,6.723848601868));
#3708 = CARTESIAN_POINT('',(-1.020158648998,6.745447204508));
#3709 = CARTESIAN_POINT('',(-0.976622663227,7.112205034495));
#3710 = CARTESIAN_POINT('',(-0.937319725526,7.451640438929));
#3711 = CARTESIAN_POINT('',(-0.899419280642,7.786217000714));
#3712 = CARTESIAN_POINT('',(-0.862716476167,8.116609738774));
#3713 = CARTESIAN_POINT('',(-0.827053266884,8.443346370636));
#3714 = CARTESIAN_POINT('',(-0.792304027125,8.766858846702));
#3715 = CARTESIAN_POINT('',(-0.758364730753,9.087519145638));
#3716 = CARTESIAN_POINT('',(-0.725145698844,9.405659331617));
#3717 = CARTESIAN_POINT('',(-0.69256791497,9.721575872634));
#3718 = CARTESIAN_POINT('',(-0.66056290818,10.03551822058));
#3719 = CARTESIAN_POINT('',(-0.597589499037,10.65980508457));
#3720 = CARTESIAN_POINT('',(-0.566620613752,10.970157815224));
#3721 = CARTESIAN_POINT('',(-0.536110559445,11.278936092126));
#3722 = CARTESIAN_POINT('',(-0.506014958686,11.586289487483));
#3723 = CARTESIAN_POINT('',(-0.47629175015,11.892371163472));
#3724 = CARTESIAN_POINT('',(-0.446898688781,12.197347412141));
#3725 = CARTESIAN_POINT('',(-0.417796427873,12.501373385162));
#3726 = CARTESIAN_POINT('',(-0.388952970053,12.804561927724));
#3727 = CARTESIAN_POINT('',(-0.360345274166,13.106972432171));
#3728 = CARTESIAN_POINT('',(-0.33195380503,13.408646625595));
#3729 = CARTESIAN_POINT('',(-0.289641817094,13.860253997424));
#3730 = CARTESIAN_POINT('',(-0.275584219466,14.010635468783));
#3731 = CARTESIAN_POINT('',(-0.261569951144,14.160873321203));
#3732 = CARTESIAN_POINT('',(-0.247596023949,14.310977891886));
#3733 = CARTESIAN_POINT('',(-0.233659530574,14.460959154948));
#3734 = CARTESIAN_POINT('',(-0.219757644578,14.610826721376));
#3735 = CARTESIAN_POINT('',(-0.205887620391,14.760589839093));
#3736 = CARTESIAN_POINT('',(-0.192046793311,14.910257392877));
#3737 = CARTESIAN_POINT('',(-0.178232579505,15.059837904445));
#3738 = CARTESIAN_POINT('',(-0.164442476007,15.209339532379));
#3739 = CARTESIAN_POINT('',(-0.143789853082,15.433485342085));
#3740 = CARTESIAN_POINT('',(-0.136911033289,15.508182950716));
#3741 = CARTESIAN_POINT('',(-0.130037290606,15.582863955951));
#3742 = CARTESIAN_POINT('',(-0.123168314293,15.657529415507));
#3743 = CARTESIAN_POINT('',(-0.116303793613,15.732180387419));
#3744 = CARTESIAN_POINT('',(-0.109443417824,15.806817929235));
#3745 = CARTESIAN_POINT('',(-0.102586876191,15.881443099088));
#3746 = CARTESIAN_POINT('',(-9.573385797146E-02,15.956056954552));
#3747 = CARTESIAN_POINT('',(-8.888405242825E-02,16.030660553628));
#3748 = CARTESIAN_POINT('',(-8.203714882174E-02,16.105254954059));
#3749 = CARTESIAN_POINT('',(-7.177068020884E-02,16.21713434353));
#3750 = CARTESIAN_POINT('',(-6.834917617211E-02,16.254425430711));
#3751 = CARTESIAN_POINT('',(-6.492828725749E-02,16.291714595784));
#3752 = CARTESIAN_POINT('',(-6.150797641989E-02,16.329001959398));
#3753 = CARTESIAN_POINT('',(-5.808820661338E-02,16.366287641952));
#3754 = CARTESIAN_POINT('',(-5.466894079339E-02,16.403571764247));
#3755 = CARTESIAN_POINT('',(-5.125014191366E-02,16.440854446583));
#3756 = CARTESIAN_POINT('',(-4.783177292957E-02,16.478135809753));
#3757 = CARTESIAN_POINT('',(-4.441379679524E-02,16.515415974166));
#3758 = CARTESIAN_POINT('',(-4.099617646557E-02,16.552695060466));
#3759 = CARTESIAN_POINT('',(-3.587022410983E-02,16.608612253549));
#3760 = CARTESIAN_POINT('',(-3.416164636591E-02,16.627251149897));
#3761 = CARTESIAN_POINT('',(-3.245313839425E-02,16.645889878938));
#3762 = CARTESIAN_POINT('',(-3.074469692578E-02,16.664528441327));
#3763 = CARTESIAN_POINT('',(-2.903631869148E-02,16.683166837831));
#3764 = CARTESIAN_POINT('',(-2.732800042223E-02,16.701805069033));
#3765 = CARTESIAN_POINT('',(-2.561973884905E-02,16.720443135755));
#3766 = CARTESIAN_POINT('',(-2.39115307028E-02,16.739081038569));
#3767 = CARTESIAN_POINT('',(-2.220337271448E-02,16.757718778257));
#3768 = CARTESIAN_POINT('',(-2.049526161501E-02,16.776356355461));
#3769 = CARTESIAN_POINT('',(-1.793316039549E-02,16.804312478613));
#3770 = CARTESIAN_POINT('',(-1.707914154108E-02,16.813631102573));
#3771 = CARTESIAN_POINT('',(-1.622513655889E-02,16.82294964949));
#3772 = CARTESIAN_POINT('',(-1.537114443565E-02,16.832268126048));
#3773 = CARTESIAN_POINT('',(-1.451716415817E-02,16.841586539));
#3774 = CARTESIAN_POINT('',(-1.366319471316E-02,16.850904894975));
#3775 = CARTESIAN_POINT('',(-1.280923508746E-02,16.860223200776));
#3776 = CARTESIAN_POINT('',(-1.195528426776E-02,16.869541463013));
#3777 = CARTESIAN_POINT('',(-1.11013412409E-02,16.878859688468));
#3778 = CARTESIAN_POINT('',(-1.024740499359E-02,16.888177883798));
#3779 = CARTESIAN_POINT('',(-8.966509272138E-03,16.902155141704));
#3780 = CARTESIAN_POINT('',(-8.539544772051E-03,16.906814229487));
#3781 = CARTESIAN_POINT('',(-8.112580719306E-03,16.911473321782));
#3782 = CARTESIAN_POINT('',(-7.685616820783E-03,16.9161324211));
#3783 = CARTESIAN_POINT('',(-7.25865278349E-03,16.920791530328));
#3784 = CARTESIAN_POINT('',(-6.831688314241E-03,16.925450651774));
#3785 = CARTESIAN_POINT('',(-6.404723120086E-03,16.930109788451));
#3786 = CARTESIAN_POINT('',(-5.977756907844E-03,16.934768942682));
#3787 = CARTESIAN_POINT('',(-5.550789384515E-03,16.939428117334));
#3788 = CARTESIAN_POINT('',(-5.123820256987E-03,16.944087314933));
#3789 = CARTESIAN_POINT('',(-4.483363719808E-03,16.951076149788));
#3790 = CARTESIAN_POINT('',(-4.269877732982E-03,16.953405767804));
#3791 = CARTESIAN_POINT('',(-4.056391235476E-03,16.955735392554));
#3792 = CARTESIAN_POINT('',(-3.842904191035E-03,16.958065024338));
#3793 = CARTESIAN_POINT('',(-3.629416563413E-03,16.960394663512));
#3794 = CARTESIAN_POINT('',(-3.415928316354E-03,16.962724310362));
#3795 = CARTESIAN_POINT('',(-3.202439413611E-03,16.965053965245));
#3796 = CARTESIAN_POINT('',(-2.988949818931E-03,16.967383628462));
#3797 = CARTESIAN_POINT('',(-2.775459496065E-03,16.969713300346));
#3798 = CARTESIAN_POINT('',(-2.561968408762E-03,16.972042981218));
#3799 = CARTESIAN_POINT('',(-2.241730576774E-03,16.975537516492));
#3800 = CARTESIAN_POINT('',(-2.13477773017E-03,16.976702103417));
#3801 = CARTESIAN_POINT('',(-2.027816332678E-03,16.977866682179));
#3802 = CARTESIAN_POINT('',(-1.920979352949E-03,16.979031420426));
#3803 = CARTESIAN_POINT('',(-1.814334376555E-03,16.980196403326));
#3804 = CARTESIAN_POINT('',(-1.707883606007E-03,16.981361633764));
#3805 = CARTESIAN_POINT('',(-1.60156386073E-03,16.9825270321));
#3806 = CARTESIAN_POINT('',(-1.49524657709E-03,16.98369243641));
#3807 = CARTESIAN_POINT('',(-1.38873780837E-03,16.984857602286));
#3808 = CARTESIAN_POINT('',(-1.281778224788E-03,16.986022202974));
#3809 = CARTESIAN_POINT('',(-1.066308002186E-03,16.988349455622));
#3810 = CARTESIAN_POINT('',(-9.128709907344E-04,16.989455489739));
#3811 = CARTESIAN_POINT('',(-1.148677203917E-03,16.991052065304));
#3812 = CARTESIAN_POINT('',(1.006437297222E-04,16.990777032897));
#3813 = CARTESIAN_POINT('',(-2.153066238849E-03,16.994916650095));
#3814 = CARTESIAN_POINT('',(1.293954018386E-03,16.991872003628));
#3815 = CARTESIAN_POINT('',(-1.965488924584E-03,16.997279088377));
#3816 = CARTESIAN_POINT('',(5.730234528194E-04,16.995379382894));
#3817 = CARTESIAN_POINT('',(-5.511559992135E-04,16.998095537768));
#3818 = CARTESIAN_POINT('',(-3.82773062237E-05,16.998748615931));
#3819 = CARTESIAN_POINT('',(-7.942527931E-08,16.999999907466));
#3820 = ( GEOMETRIC_REPRESENTATION_CONTEXT(2) 
PARAMETRIC_REPRESENTATION_CONTEXT() REPRESENTATION_CONTEXT('2D SPACE',''
  ) );
#3821 = ADVANCED_FACE('',(#3822),#101,.T.);
#3822 = FACE_BOUND('',#3823,.T.);
#3823 = EDGE_LOOP('',(#3824,#3847,#3848,#3849,#3850,#3851,#3874));
#3824 = ORIENTED_EDGE('',*,*,#3825,.F.);
#3825 = EDGE_CURVE('',#2224,#3826,#3828,.T.);
#3826 = VERTEX_POINT('',#3827);
#3827 = CARTESIAN_POINT('',(15.000000000015,-12.,-0.500000000001));
#3828 = SURFACE_CURVE('',#3829,(#3833,#3840),.PCURVE_S1.);
#3829 = LINE('',#3830,#3831);
#3830 = CARTESIAN_POINT('',(15.000000000015,-12.,9.999999999999));
#3831 = VECTOR('',#3832,1.);
#3832 = DIRECTION('',(-8.881784197001E-16,0.,-1.));
#3833 = PCURVE('',#101,#3834);
#3834 = DEFINITIONAL_REPRESENTATION('',(#3835),#3839);
#3835 = LINE('',#3836,#3837);
#3836 = CARTESIAN_POINT('',(-24.42473369486,15.805853847693));
#3837 = VECTOR('',#3838,1.);
#3838 = DIRECTION('',(1.,-7.216449660064E-16));
#3839 = ( GEOMETRIC_REPRESENTATION_CONTEXT(2) 
PARAMETRIC_REPRESENTATION_CONTEXT() REPRESENTATION_CONTEXT('2D SPACE',''
  ) );
#3840 = PCURVE('',#3278,#3841);
#3841 = DEFINITIONAL_REPRESENTATION('',(#3842),#3846);
#3842 = LINE('',#3843,#3844);
#3843 = CARTESIAN_POINT('',(0.,0.));
#3844 = VECTOR('',#3845,1.);
#3845 = DIRECTION('',(0.,1.));
#3846 = ( GEOMETRIC_REPRESENTATION_CONTEXT(2) 
PARAMETRIC_REPRESENTATION_CONTEXT() REPRESENTATION_CONTEXT('2D SPACE',''
  ) );
#3847 = ORIENTED_EDGE('',*,*,#2223,.F.);
#3848 = ORIENTED_EDGE('',*,*,#2382,.F.);
#3849 = ORIENTED_EDGE('',*,*,#2463,.T.);
#3850 = ORIENTED_EDGE('',*,*,#85,.F.);
#3851 = ORIENTED_EDGE('',*,*,#3852,.F.);
#3852 = EDGE_CURVE('',#3853,#57,#3855,.T.);
#3853 = VERTEX_POINT('',#3854);
#3854 = CARTESIAN_POINT('',(7.000000000046,-12.,-8.5));
#3855 = SURFACE_CURVE('',#3856,(#3860,#3867),.PCURVE_S1.);
#3856 = LINE('',#3857,#3858);
#3857 = CARTESIAN_POINT('',(7.000000000046,-12.,-8.5));
#3858 = VECTOR('',#3859,1.);
#3859 = DIRECTION('',(-1.,0.,8.881784197001E-16));
#3860 = PCURVE('',#101,#3861);
#3861 = DEFINITIONAL_REPRESENTATION('',(#3862),#3866);
#3862 = LINE('',#3863,#3864);
#3863 = CARTESIAN_POINT('',(-5.924733694866,7.805853847724));
#3864 = VECTOR('',#3865,1.);
#3865 = DIRECTION('',(-7.216449660064E-16,-1.));
#3866 = ( GEOMETRIC_REPRESENTATION_CONTEXT(2) 
PARAMETRIC_REPRESENTATION_CONTEXT() REPRESENTATION_CONTEXT('2D SPACE',''
  ) );
#3867 = PCURVE('',#73,#3868);
#3868 = DEFINITIONAL_REPRESENTATION('',(#3869),#3873);
#3869 = LINE('',#3870,#3871);
#3870 = CARTESIAN_POINT('',(0.,0.));
#3871 = VECTOR('',#3872,1.);
#3872 = DIRECTION('',(0.,1.));
#3873 = ( GEOMETRIC_REPRESENTATION_CONTEXT(2) 
PARAMETRIC_REPRESENTATION_CONTEXT() REPRESENTATION_CONTEXT('2D SPACE',''
  ) );
#3874 = ORIENTED_EDGE('',*,*,#3875,.F.);
#3875 = EDGE_CURVE('',#3826,#3853,#3876,.T.);
#3876 = SURFACE_CURVE('',#3877,(#3882,#3893),.PCURVE_S1.);
#3877 = CIRCLE('',#3878,8.);
#3878 = AXIS2_PLACEMENT_3D('',#3879,#3880,#3881);
#3879 = CARTESIAN_POINT('',(7.000000000046,-12.,-0.5));
#3880 = DIRECTION('',(0.,1.,0.));
#3881 = DIRECTION('',(1.,0.,-1.287858708565E-13));
#3882 = PCURVE('',#101,#3883);
#3883 = DEFINITIONAL_REPRESENTATION('',(#3884),#3892);
#3884 = ( BOUNDED_CURVE() B_SPLINE_CURVE(2,(#3885,#3886,#3887,#3888,
#3889,#3890,#3891),.UNSPECIFIED.,.T.,.F.) B_SPLINE_CURVE_WITH_KNOTS((1,2
    ,2,2,2,1),(-2.094395102393,0.,2.094395102393,4.188790204786,
6.28318530718,8.377580409573),.UNSPECIFIED.) CURVE() 
GEOMETRIC_REPRESENTATION_ITEM() RATIONAL_B_SPLINE_CURVE((1.,0.5,1.,0.5,
1.,0.5,1.)) REPRESENTATION_ITEM('') );
#3885 = CARTESIAN_POINT('',(-13.92473369486,15.805853847724));
#3886 = CARTESIAN_POINT('',(-6.832723431354E-02,15.805853847722));
#3887 = CARTESIAN_POINT('',(-6.996530464591,3.805853847723));
#3888 = CARTESIAN_POINT('',(-13.92473369486,-8.194146152276));
#3889 = CARTESIAN_POINT('',(-20.85293692514,3.805853847724));
#3890 = CARTESIAN_POINT('',(-27.78114015541,15.805853847725));
#3891 = CARTESIAN_POINT('',(-13.92473369486,15.805853847724));
#3892 = ( GEOMETRIC_REPRESENTATION_CONTEXT(2) 
PARAMETRIC_REPRESENTATION_CONTEXT() REPRESENTATION_CONTEXT('2D SPACE',''
  ) );
#3893 = PCURVE('',#3894,#3899);
#3894 = TOROIDAL_SURFACE('',#3895,8.,3.);
#3895 = AXIS2_PLACEMENT_3D('',#3896,#3897,#3898);
#3896 = CARTESIAN_POINT('',(7.000000000046,-15.,-0.5));
#3897 = DIRECTION('',(0.,-1.,0.));
#3898 = DIRECTION('',(1.,0.,-1.287858708565E-13));
#3899 = DEFINITIONAL_REPRESENTATION('',(#3900),#3904);
#3900 = LINE('',#3901,#3902);
#3901 = CARTESIAN_POINT('',(-0.,4.712388980385));
#3902 = VECTOR('',#3903,1.);
#3903 = DIRECTION('',(-1.,0.));
#3904 = ( GEOMETRIC_REPRESENTATION_CONTEXT(2) 
PARAMETRIC_REPRESENTATION_CONTEXT() REPRESENTATION_CONTEXT('2D SPACE',''
  ) );
#3905 = ADVANCED_FACE('',(#3906),#2288,.F.);
#3906 = FACE_BOUND('',#3907,.T.);
#3907 = EDGE_LOOP('',(#3908,#3909,#3910,#3911));
#3908 = ORIENTED_EDGE('',*,*,#3188,.T.);
#3909 = ORIENTED_EDGE('',*,*,#3480,.T.);
#3910 = ORIENTED_EDGE('',*,*,#2274,.F.);
#3911 = ORIENTED_EDGE('',*,*,#3912,.T.);
#3912 = EDGE_CURVE('',#2247,#3189,#3913,.T.);
#3913 = SURFACE_CURVE('',#3914,(#3919,#3926),.PCURVE_S1.);
#3914 = CIRCLE('',#3915,3.);
#3915 = AXIS2_PLACEMENT_3D('',#3916,#3917,#3918);
#3916 = CARTESIAN_POINT('',(15.000000000007,-7.880000000008,13.));
#3917 = DIRECTION('',(0.,-1.,-0.));
#3918 = DIRECTION('',(-8.881784197001E-16,0.,-1.));
#3919 = PCURVE('',#2288,#3920);
#3920 = DEFINITIONAL_REPRESENTATION('',(#3921),#3925);
#3921 = LINE('',#3922,#3923);
#3922 = CARTESIAN_POINT('',(-0.,0.));
#3923 = VECTOR('',#3924,1.);
#3924 = DIRECTION('',(-1.,0.));
#3925 = ( GEOMETRIC_REPRESENTATION_CONTEXT(2) 
PARAMETRIC_REPRESENTATION_CONTEXT() REPRESENTATION_CONTEXT('2D SPACE',''
  ) );
#3926 = PCURVE('',#2262,#3927);
#3927 = DEFINITIONAL_REPRESENTATION('',(#3928),#3932);
#3928 = LINE('',#3929,#3930);
#3929 = CARTESIAN_POINT('',(-0.,4.12));
#3930 = VECTOR('',#3931,1.);
#3931 = DIRECTION('',(-1.,0.));
#3932 = ( GEOMETRIC_REPRESENTATION_CONTEXT(2) 
PARAMETRIC_REPRESENTATION_CONTEXT() REPRESENTATION_CONTEXT('2D SPACE',''
  ) );
#3933 = ADVANCED_FACE('',(#3934),#2262,.F.);
#3934 = FACE_BOUND('',#3935,.T.);
#3935 = EDGE_LOOP('',(#3936,#3958,#3959,#3960));
#3936 = ORIENTED_EDGE('',*,*,#3937,.T.);
#3937 = EDGE_CURVE('',#2224,#3212,#3938,.T.);
#3938 = SURFACE_CURVE('',#3939,(#3944,#3951),.PCURVE_S1.);
#3939 = CIRCLE('',#3940,3.);
#3940 = AXIS2_PLACEMENT_3D('',#3941,#3942,#3943);
#3941 = CARTESIAN_POINT('',(15.000000000007,-12.,13.));
#3942 = DIRECTION('',(2.581109456958E-12,-1.,-2.090537326818E-27));
#3943 = DIRECTION('',(-8.881784197001E-16,-2.019483917366E-28,-1.));
#3944 = PCURVE('',#2262,#3945);
#3945 = DEFINITIONAL_REPRESENTATION('',(#3946),#3950);
#3946 = LINE('',#3947,#3948);
#3947 = CARTESIAN_POINT('',(-0.,7.74314E-12));
#3948 = VECTOR('',#3949,1.);
#3949 = DIRECTION('',(-1.,0.));
#3950 = ( GEOMETRIC_REPRESENTATION_CONTEXT(2) 
PARAMETRIC_REPRESENTATION_CONTEXT() REPRESENTATION_CONTEXT('2D SPACE',''
  ) );
#3951 = PCURVE('',#3250,#3952);
#3952 = DEFINITIONAL_REPRESENTATION('',(#3953),#3957);
#3953 = LINE('',#3954,#3955);
#3954 = CARTESIAN_POINT('',(-0.,3.));
#3955 = VECTOR('',#3956,1.);
#3956 = DIRECTION('',(-1.,0.));
#3957 = ( GEOMETRIC_REPRESENTATION_CONTEXT(2) 
PARAMETRIC_REPRESENTATION_CONTEXT() REPRESENTATION_CONTEXT('2D SPACE',''
  ) );
#3958 = ORIENTED_EDGE('',*,*,#3211,.T.);
#3959 = ORIENTED_EDGE('',*,*,#3912,.F.);
#3960 = ORIENTED_EDGE('',*,*,#2246,.F.);
#3961 = ADVANCED_FACE('',(#3962,#4032,#4063,#4094),#44,.T.);
#3962 = FACE_BOUND('',#3963,.T.);
#3963 = EDGE_LOOP('',(#3964,#3965,#3988,#4011));
#3964 = ORIENTED_EDGE('',*,*,#21,.T.);
#3965 = ORIENTED_EDGE('',*,*,#3966,.F.);
#3966 = EDGE_CURVE('',#3967,#24,#3969,.T.);
#3967 = VERTEX_POINT('',#3968);
#3968 = CARTESIAN_POINT('',(7.000000000046,-32.6,-11.5));
#3969 = SURFACE_CURVE('',#3970,(#3974,#3981),.PCURVE_S1.);
#3970 = LINE('',#3971,#3972);
#3971 = CARTESIAN_POINT('',(7.000000000046,-32.6,-11.5));
#3972 = VECTOR('',#3973,1.);
#3973 = DIRECTION('',(-1.,1.6E-16,1.609823385706E-15));
#3974 = PCURVE('',#44,#3975);
#3975 = DEFINITIONAL_REPRESENTATION('',(#3976),#3980);
#3976 = LINE('',#3977,#3978);
#3977 = CARTESIAN_POINT('',(9.750000000023,-9.3));
#3978 = VECTOR('',#3979,1.);
#3979 = DIRECTION('',(-1.,1.6E-16));
#3980 = ( GEOMETRIC_REPRESENTATION_CONTEXT(2) 
PARAMETRIC_REPRESENTATION_CONTEXT() REPRESENTATION_CONTEXT('2D SPACE',''
  ) );
#3981 = PCURVE('',#188,#3982);
#3982 = DEFINITIONAL_REPRESENTATION('',(#3983),#3987);
#3983 = LINE('',#3984,#3985);
#3984 = CARTESIAN_POINT('',(-0.,0.));
#3985 = VECTOR('',#3986,1.);
#3986 = DIRECTION('',(-0.,1.));
#3987 = ( GEOMETRIC_REPRESENTATION_CONTEXT(2) 
PARAMETRIC_REPRESENTATION_CONTEXT() REPRESENTATION_CONTEXT('2D SPACE',''
  ) );
#3988 = ORIENTED_EDGE('',*,*,#3989,.F.);
#3989 = EDGE_CURVE('',#3990,#3967,#3992,.T.);
#3990 = VERTEX_POINT('',#3991);
#3991 = CARTESIAN_POINT('',(7.000000000046,-15.,-11.5));
#3992 = SURFACE_CURVE('',#3993,(#3997,#4004),.PCURVE_S1.);
#3993 = LINE('',#3994,#3995);
#3994 = CARTESIAN_POINT('',(7.000000000046,-33.,-11.5));
#3995 = VECTOR('',#3996,1.);
#3996 = DIRECTION('',(0.,-1.,0.));
#3997 = PCURVE('',#44,#3998);
#3998 = DEFINITIONAL_REPRESENTATION('',(#3999),#4003);
#3999 = LINE('',#4000,#4001);
#4000 = CARTESIAN_POINT('',(9.750000000023,-9.7));
#4001 = VECTOR('',#4002,1.);
#4002 = DIRECTION('',(-4.930380657631E-32,-1.));
#4003 = ( GEOMETRIC_REPRESENTATION_CONTEXT(2) 
PARAMETRIC_REPRESENTATION_CONTEXT() REPRESENTATION_CONTEXT('2D SPACE',''
  ) );
#4004 = PCURVE('',#3306,#4005);
#4005 = DEFINITIONAL_REPRESENTATION('',(#4006),#4010);
#4006 = LINE('',#4007,#4008);
#4007 = CARTESIAN_POINT('',(1.570796326795,2.390976E-11));
#4008 = VECTOR('',#4009,1.);
#4009 = DIRECTION('',(0.,-1.));
#4010 = ( GEOMETRIC_REPRESENTATION_CONTEXT(2) 
PARAMETRIC_REPRESENTATION_CONTEXT() REPRESENTATION_CONTEXT('2D SPACE',''
  ) );
#4011 = ORIENTED_EDGE('',*,*,#4012,.T.);
#4012 = EDGE_CURVE('',#3990,#22,#4013,.T.);
#4013 = SURFACE_CURVE('',#4014,(#4018,#4025),.PCURVE_S1.);
#4014 = LINE('',#4015,#4016);
#4015 = CARTESIAN_POINT('',(7.000000000046,-15.,-11.5));
#4016 = VECTOR('',#4017,1.);
#4017 = DIRECTION('',(-1.,0.,8.881784197001E-16));
#4018 = PCURVE('',#44,#4019);
#4019 = DEFINITIONAL_REPRESENTATION('',(#4020),#4024);
#4020 = LINE('',#4021,#4022);
#4021 = CARTESIAN_POINT('',(9.750000000023,8.3));
#4022 = VECTOR('',#4023,1.);
#4023 = DIRECTION('',(-1.,5.334022659679E-32));
#4024 = ( GEOMETRIC_REPRESENTATION_CONTEXT(2) 
PARAMETRIC_REPRESENTATION_CONTEXT() REPRESENTATION_CONTEXT('2D SPACE',''
  ) );
#4025 = PCURVE('',#73,#4026);
#4026 = DEFINITIONAL_REPRESENTATION('',(#4027),#4031);
#4027 = LINE('',#4028,#4029);
#4028 = CARTESIAN_POINT('',(1.570796326795,0.));
#4029 = VECTOR('',#4030,1.);
#4030 = DIRECTION('',(0.,1.));
#4031 = ( GEOMETRIC_REPRESENTATION_CONTEXT(2) 
PARAMETRIC_REPRESENTATION_CONTEXT() REPRESENTATION_CONTEXT('2D SPACE',''
  ) );
#4032 = FACE_BOUND('',#4033,.T.);
#4033 = EDGE_LOOP('',(#4034));
#4034 = ORIENTED_EDGE('',*,*,#4035,.F.);
#4035 = EDGE_CURVE('',#4036,#4036,#4038,.T.);
#4036 = VERTEX_POINT('',#4037);
#4037 = CARTESIAN_POINT('',(1.335,-28.3,-11.5));
#4038 = SURFACE_CURVE('',#4039,(#4044,#4051),.PCURVE_S1.);
#4039 = CIRCLE('',#4040,1.275);
#4040 = AXIS2_PLACEMENT_3D('',#4041,#4042,#4043);
#4041 = CARTESIAN_POINT('',(6.000000000004E-02,-28.3,-11.5));
#4042 = DIRECTION('',(0.,0.,1.));
#4043 = DIRECTION('',(1.,0.,0.));
#4044 = PCURVE('',#44,#4045);
#4045 = DEFINITIONAL_REPRESENTATION('',(#4046),#4050);
#4046 = CIRCLE('',#4047,1.275);
#4047 = AXIS2_PLACEMENT_2D('',#4048,#4049);
#4048 = CARTESIAN_POINT('',(2.809999999977,-5.));
#4049 = DIRECTION('',(1.,-8.260554517359E-31));
#4050 = ( GEOMETRIC_REPRESENTATION_CONTEXT(2) 
PARAMETRIC_REPRESENTATION_CONTEXT() REPRESENTATION_CONTEXT('2D SPACE',''
  ) );
#4051 = PCURVE('',#4052,#4057);
#4052 = CYLINDRICAL_SURFACE('',#4053,1.275);
#4053 = AXIS2_PLACEMENT_3D('',#4054,#4055,#4056);
#4054 = CARTESIAN_POINT('',(6.000000000005E-02,-28.3,-11.5));
#4055 = DIRECTION('',(6.661338147751E-16,0.,1.));
#4056 = DIRECTION('',(1.,0.,-6.661338147751E-16));
#4057 = DEFINITIONAL_REPRESENTATION('',(#4058),#4062);
#4058 = LINE('',#4059,#4060);
#4059 = CARTESIAN_POINT('',(0.,0.));
#4060 = VECTOR('',#4061,1.);
#4061 = DIRECTION('',(1.,0.));
#4062 = ( GEOMETRIC_REPRESENTATION_CONTEXT(2) 
PARAMETRIC_REPRESENTATION_CONTEXT() REPRESENTATION_CONTEXT('2D SPACE',''
  ) );
#4063 = FACE_BOUND('',#4064,.T.);
#4064 = EDGE_LOOP('',(#4065));
#4065 = ORIENTED_EDGE('',*,*,#4066,.F.);
#4066 = EDGE_CURVE('',#4067,#4067,#4069,.T.);
#4067 = VERTEX_POINT('',#4068);
#4068 = CARTESIAN_POINT('',(1.335,-18.3,-11.5));
#4069 = SURFACE_CURVE('',#4070,(#4075,#4082),.PCURVE_S1.);
#4070 = CIRCLE('',#4071,1.275);
#4071 = AXIS2_PLACEMENT_3D('',#4072,#4073,#4074);
#4072 = CARTESIAN_POINT('',(6.000000000004E-02,-18.3,-11.5));
#4073 = DIRECTION('',(0.,0.,1.));
#4074 = DIRECTION('',(1.,0.,0.));
#4075 = PCURVE('',#44,#4076);
#4076 = DEFINITIONAL_REPRESENTATION('',(#4077),#4081);
#4077 = CIRCLE('',#4078,1.275);
#4078 = AXIS2_PLACEMENT_2D('',#4079,#4080);
#4079 = CARTESIAN_POINT('',(2.809999999977,5.));
#4080 = DIRECTION('',(1.,-8.260554517359E-31));
#4081 = ( GEOMETRIC_REPRESENTATION_CONTEXT(2) 
PARAMETRIC_REPRESENTATION_CONTEXT() REPRESENTATION_CONTEXT('2D SPACE',''
  ) );
#4082 = PCURVE('',#4083,#4088);
#4083 = CYLINDRICAL_SURFACE('',#4084,1.275);
#4084 = AXIS2_PLACEMENT_3D('',#4085,#4086,#4087);
#4085 = CARTESIAN_POINT('',(6.000000000005E-02,-18.3,-11.5));
#4086 = DIRECTION('',(6.661338147751E-16,0.,1.));
#4087 = DIRECTION('',(1.,0.,-6.661338147751E-16));
#4088 = DEFINITIONAL_REPRESENTATION('',(#4089),#4093);
#4089 = LINE('',#4090,#4091);
#4090 = CARTESIAN_POINT('',(0.,0.));
#4091 = VECTOR('',#4092,1.);
#4092 = DIRECTION('',(1.,0.));
#4093 = ( GEOMETRIC_REPRESENTATION_CONTEXT(2) 
PARAMETRIC_REPRESENTATION_CONTEXT() REPRESENTATION_CONTEXT('2D SPACE',''
  ) );
#4094 = FACE_BOUND('',#4095,.T.);
#4095 = EDGE_LOOP('',(#4096));
#4096 = ORIENTED_EDGE('',*,*,#4097,.F.);
#4097 = EDGE_CURVE('',#4098,#4098,#4100,.T.);
#4098 = VERTEX_POINT('',#4099);
#4099 = CARTESIAN_POINT('',(5.335,-23.3,-11.5));
#4100 = SURFACE_CURVE('',#4101,(#4106,#4113),.PCURVE_S1.);
#4101 = CIRCLE('',#4102,1.275);
#4102 = AXIS2_PLACEMENT_3D('',#4103,#4104,#4105);
#4103 = CARTESIAN_POINT('',(4.06,-23.3,-11.5));
#4104 = DIRECTION('',(0.,0.,1.));
#4105 = DIRECTION('',(1.,0.,0.));
#4106 = PCURVE('',#44,#4107);
#4107 = DEFINITIONAL_REPRESENTATION('',(#4108),#4112);
#4108 = CIRCLE('',#4109,1.275);
#4109 = AXIS2_PLACEMENT_2D('',#4110,#4111);
#4110 = CARTESIAN_POINT('',(6.809999999977,7.105427357601E-15));
#4111 = DIRECTION('',(1.,-8.260554517359E-31));
#4112 = ( GEOMETRIC_REPRESENTATION_CONTEXT(2) 
PARAMETRIC_REPRESENTATION_CONTEXT() REPRESENTATION_CONTEXT('2D SPACE',''
  ) );
#4113 = PCURVE('',#4114,#4119);
#4114 = CYLINDRICAL_SURFACE('',#4115,1.275);
#4115 = AXIS2_PLACEMENT_3D('',#4116,#4117,#4118);
#4116 = CARTESIAN_POINT('',(4.06,-23.3,-11.5));
#4117 = DIRECTION('',(6.661338147751E-16,0.,1.));
#4118 = DIRECTION('',(1.,0.,-6.661338147751E-16));
#4119 = DEFINITIONAL_REPRESENTATION('',(#4120),#4124);
#4120 = LINE('',#4121,#4122);
#4121 = CARTESIAN_POINT('',(0.,0.));
#4122 = VECTOR('',#4123,1.);
#4123 = DIRECTION('',(1.,0.));
#4124 = ( GEOMETRIC_REPRESENTATION_CONTEXT(2) 
PARAMETRIC_REPRESENTATION_CONTEXT() REPRESENTATION_CONTEXT('2D SPACE',''
  ) );
#4125 = ADVANCED_FACE('',(#4126),#4052,.F.);
#4126 = FACE_BOUND('',#4127,.F.);
#4127 = EDGE_LOOP('',(#4128,#4151,#4177,#4178));
#4128 = ORIENTED_EDGE('',*,*,#4129,.T.);
#4129 = EDGE_CURVE('',#4036,#4130,#4132,.T.);
#4130 = VERTEX_POINT('',#4131);
#4131 = CARTESIAN_POINT('',(1.335,-28.3,-26.5));
#4132 = SEAM_CURVE('',#4133,(#4137,#4144),.PCURVE_S1.);
#4133 = LINE('',#4134,#4135);
#4134 = CARTESIAN_POINT('',(1.335,-28.3,-11.5));
#4135 = VECTOR('',#4136,1.);
#4136 = DIRECTION('',(-6.661338147751E-16,0.,-1.));
#4137 = PCURVE('',#4052,#4138);
#4138 = DEFINITIONAL_REPRESENTATION('',(#4139),#4143);
#4139 = LINE('',#4140,#4141);
#4140 = CARTESIAN_POINT('',(0.,0.));
#4141 = VECTOR('',#4142,1.);
#4142 = DIRECTION('',(0.,-1.));
#4143 = ( GEOMETRIC_REPRESENTATION_CONTEXT(2) 
PARAMETRIC_REPRESENTATION_CONTEXT() REPRESENTATION_CONTEXT('2D SPACE',''
  ) );
#4144 = PCURVE('',#4052,#4145);
#4145 = DEFINITIONAL_REPRESENTATION('',(#4146),#4150);
#4146 = LINE('',#4147,#4148);
#4147 = CARTESIAN_POINT('',(6.28318530718,0.));
#4148 = VECTOR('',#4149,1.);
#4149 = DIRECTION('',(0.,-1.));
#4150 = ( GEOMETRIC_REPRESENTATION_CONTEXT(2) 
PARAMETRIC_REPRESENTATION_CONTEXT() REPRESENTATION_CONTEXT('2D SPACE',''
  ) );
#4151 = ORIENTED_EDGE('',*,*,#4152,.T.);
#4152 = EDGE_CURVE('',#4130,#4130,#4153,.T.);
#4153 = SURFACE_CURVE('',#4154,(#4159,#4166),.PCURVE_S1.);
#4154 = CIRCLE('',#4155,1.275);
#4155 = AXIS2_PLACEMENT_3D('',#4156,#4157,#4158);
#4156 = CARTESIAN_POINT('',(6.000000000003E-02,-28.3,-26.5));
#4157 = DIRECTION('',(0.,0.,1.));
#4158 = DIRECTION('',(1.,0.,0.));
#4159 = PCURVE('',#4052,#4160);
#4160 = DEFINITIONAL_REPRESENTATION('',(#4161),#4165);
#4161 = LINE('',#4162,#4163);
#4162 = CARTESIAN_POINT('',(0.,-15.));
#4163 = VECTOR('',#4164,1.);
#4164 = DIRECTION('',(1.,0.));
#4165 = ( GEOMETRIC_REPRESENTATION_CONTEXT(2) 
PARAMETRIC_REPRESENTATION_CONTEXT() REPRESENTATION_CONTEXT('2D SPACE',''
  ) );
#4166 = PCURVE('',#129,#4167);
#4167 = DEFINITIONAL_REPRESENTATION('',(#4168),#4176);
#4168 = ( BOUNDED_CURVE() B_SPLINE_CURVE(2,(#4169,#4170,#4171,#4172,
#4173,#4174,#4175),.UNSPECIFIED.,.T.,.F.) B_SPLINE_CURVE_WITH_KNOTS((1,2
    ,2,2,2,1),(-2.094395102393,0.,2.094395102393,4.188790204786,
6.28318530718,8.377580409573),.UNSPECIFIED.) CURVE() 
GEOMETRIC_REPRESENTATION_ITEM() RATIONAL_B_SPLINE_CURVE((1.,0.5,1.,0.5,
1.,0.5,1.)) REPRESENTATION_ITEM('') );
#4169 = CARTESIAN_POINT('',(10.63887010555,-8.94964996749));
#4170 = CARTESIAN_POINT('',(10.63887010555,-6.74128518784));
#4171 = CARTESIAN_POINT('',(12.55137010555,-7.845467577665));
#4172 = CARTESIAN_POINT('',(14.46387010555,-8.94964996749));
#4173 = CARTESIAN_POINT('',(12.55137010555,-10.05383235731));
#4174 = CARTESIAN_POINT('',(10.63887010555,-11.15801474714));
#4175 = CARTESIAN_POINT('',(10.63887010555,-8.94964996749));
#4176 = ( GEOMETRIC_REPRESENTATION_CONTEXT(2) 
PARAMETRIC_REPRESENTATION_CONTEXT() REPRESENTATION_CONTEXT('2D SPACE',''
  ) );
#4177 = ORIENTED_EDGE('',*,*,#4129,.F.);
#4178 = ORIENTED_EDGE('',*,*,#4035,.F.);
#4179 = ADVANCED_FACE('',(#4180),#4083,.F.);
#4180 = FACE_BOUND('',#4181,.F.);
#4181 = EDGE_LOOP('',(#4182,#4205,#4231,#4232));
#4182 = ORIENTED_EDGE('',*,*,#4183,.T.);
#4183 = EDGE_CURVE('',#4067,#4184,#4186,.T.);
#4184 = VERTEX_POINT('',#4185);
#4185 = CARTESIAN_POINT('',(1.335,-18.3,-26.5));
#4186 = SEAM_CURVE('',#4187,(#4191,#4198),.PCURVE_S1.);
#4187 = LINE('',#4188,#4189);
#4188 = CARTESIAN_POINT('',(1.335,-18.3,-11.5));
#4189 = VECTOR('',#4190,1.);
#4190 = DIRECTION('',(-6.661338147751E-16,0.,-1.));
#4191 = PCURVE('',#4083,#4192);
#4192 = DEFINITIONAL_REPRESENTATION('',(#4193),#4197);
#4193 = LINE('',#4194,#4195);
#4194 = CARTESIAN_POINT('',(0.,0.));
#4195 = VECTOR('',#4196,1.);
#4196 = DIRECTION('',(0.,-1.));
#4197 = ( GEOMETRIC_REPRESENTATION_CONTEXT(2) 
PARAMETRIC_REPRESENTATION_CONTEXT() REPRESENTATION_CONTEXT('2D SPACE',''
  ) );
#4198 = PCURVE('',#4083,#4199);
#4199 = DEFINITIONAL_REPRESENTATION('',(#4200),#4204);
#4200 = LINE('',#4201,#4202);
#4201 = CARTESIAN_POINT('',(6.28318530718,0.));
#4202 = VECTOR('',#4203,1.);
#4203 = DIRECTION('',(0.,-1.));
#4204 = ( GEOMETRIC_REPRESENTATION_CONTEXT(2) 
PARAMETRIC_REPRESENTATION_CONTEXT() REPRESENTATION_CONTEXT('2D SPACE',''
  ) );
#4205 = ORIENTED_EDGE('',*,*,#4206,.T.);
#4206 = EDGE_CURVE('',#4184,#4184,#4207,.T.);
#4207 = SURFACE_CURVE('',#4208,(#4213,#4220),.PCURVE_S1.);
#4208 = CIRCLE('',#4209,1.275);
#4209 = AXIS2_PLACEMENT_3D('',#4210,#4211,#4212);
#4210 = CARTESIAN_POINT('',(6.000000000003E-02,-18.3,-26.5));
#4211 = DIRECTION('',(0.,0.,1.));
#4212 = DIRECTION('',(1.,0.,0.));
#4213 = PCURVE('',#4083,#4214);
#4214 = DEFINITIONAL_REPRESENTATION('',(#4215),#4219);
#4215 = LINE('',#4216,#4217);
#4216 = CARTESIAN_POINT('',(0.,-15.));
#4217 = VECTOR('',#4218,1.);
#4218 = DIRECTION('',(1.,0.));
#4219 = ( GEOMETRIC_REPRESENTATION_CONTEXT(2) 
PARAMETRIC_REPRESENTATION_CONTEXT() REPRESENTATION_CONTEXT('2D SPACE',''
  ) );
#4220 = PCURVE('',#129,#4221);
#4221 = DEFINITIONAL_REPRESENTATION('',(#4222),#4230);
#4222 = ( BOUNDED_CURVE() B_SPLINE_CURVE(2,(#4223,#4224,#4225,#4226,
#4227,#4228,#4229),.UNSPECIFIED.,.T.,.F.) B_SPLINE_CURVE_WITH_KNOTS((1,2
    ,2,2,2,1),(-2.094395102393,0.,2.094395102393,4.188790204786,
6.28318530718,8.377580409573),.UNSPECIFIED.) CURVE() 
GEOMETRIC_REPRESENTATION_ITEM() RATIONAL_B_SPLINE_CURVE((1.,0.5,1.,0.5,
1.,0.5,1.)) REPRESENTATION_ITEM('') );
#4223 = CARTESIAN_POINT('',(10.63887010555,1.05035003251));
#4224 = CARTESIAN_POINT('',(10.63887010555,3.25871481216));
#4225 = CARTESIAN_POINT('',(12.55137010555,2.154532422335));
#4226 = CARTESIAN_POINT('',(14.46387010555,1.05035003251));
#4227 = CARTESIAN_POINT('',(12.55137010555,-5.383235731537E-02));
#4228 = CARTESIAN_POINT('',(10.63887010555,-1.158014747141));
#4229 = CARTESIAN_POINT('',(10.63887010555,1.05035003251));
#4230 = ( GEOMETRIC_REPRESENTATION_CONTEXT(2) 
PARAMETRIC_REPRESENTATION_CONTEXT() REPRESENTATION_CONTEXT('2D SPACE',''
  ) );
#4231 = ORIENTED_EDGE('',*,*,#4183,.F.);
#4232 = ORIENTED_EDGE('',*,*,#4066,.F.);
#4233 = ADVANCED_FACE('',(#4234),#4114,.F.);
#4234 = FACE_BOUND('',#4235,.F.);
#4235 = EDGE_LOOP('',(#4236,#4259,#4285,#4286));
#4236 = ORIENTED_EDGE('',*,*,#4237,.T.);
#4237 = EDGE_CURVE('',#4098,#4238,#4240,.T.);
#4238 = VERTEX_POINT('',#4239);
#4239 = CARTESIAN_POINT('',(5.335,-23.3,-26.5));
#4240 = SEAM_CURVE('',#4241,(#4245,#4252),.PCURVE_S1.);
#4241 = LINE('',#4242,#4243);
#4242 = CARTESIAN_POINT('',(5.335,-23.3,-11.5));
#4243 = VECTOR('',#4244,1.);
#4244 = DIRECTION('',(-6.661338147751E-16,0.,-1.));
#4245 = PCURVE('',#4114,#4246);
#4246 = DEFINITIONAL_REPRESENTATION('',(#4247),#4251);
#4247 = LINE('',#4248,#4249);
#4248 = CARTESIAN_POINT('',(0.,0.));
#4249 = VECTOR('',#4250,1.);
#4250 = DIRECTION('',(0.,-1.));
#4251 = ( GEOMETRIC_REPRESENTATION_CONTEXT(2) 
PARAMETRIC_REPRESENTATION_CONTEXT() REPRESENTATION_CONTEXT('2D SPACE',''
  ) );
#4252 = PCURVE('',#4114,#4253);
#4253 = DEFINITIONAL_REPRESENTATION('',(#4254),#4258);
#4254 = LINE('',#4255,#4256);
#4255 = CARTESIAN_POINT('',(6.28318530718,0.));
#4256 = VECTOR('',#4257,1.);
#4257 = DIRECTION('',(0.,-1.));
#4258 = ( GEOMETRIC_REPRESENTATION_CONTEXT(2) 
PARAMETRIC_REPRESENTATION_CONTEXT() REPRESENTATION_CONTEXT('2D SPACE',''
  ) );
#4259 = ORIENTED_EDGE('',*,*,#4260,.T.);
#4260 = EDGE_CURVE('',#4238,#4238,#4261,.T.);
#4261 = SURFACE_CURVE('',#4262,(#4267,#4274),.PCURVE_S1.);
#4262 = CIRCLE('',#4263,1.275);
#4263 = AXIS2_PLACEMENT_3D('',#4264,#4265,#4266);
#4264 = CARTESIAN_POINT('',(4.06,-23.3,-26.5));
#4265 = DIRECTION('',(0.,0.,1.));
#4266 = DIRECTION('',(1.,0.,0.));
#4267 = PCURVE('',#4114,#4268);
#4268 = DEFINITIONAL_REPRESENTATION('',(#4269),#4273);
#4269 = LINE('',#4270,#4271);
#4270 = CARTESIAN_POINT('',(0.,-15.));
#4271 = VECTOR('',#4272,1.);
#4272 = DIRECTION('',(1.,0.));
#4273 = ( GEOMETRIC_REPRESENTATION_CONTEXT(2) 
PARAMETRIC_REPRESENTATION_CONTEXT() REPRESENTATION_CONTEXT('2D SPACE',''
  ) );
#4274 = PCURVE('',#129,#4275);
#4275 = DEFINITIONAL_REPRESENTATION('',(#4276),#4284);
#4276 = ( BOUNDED_CURVE() B_SPLINE_CURVE(2,(#4277,#4278,#4279,#4280,
#4281,#4282,#4283),.UNSPECIFIED.,.T.,.F.) B_SPLINE_CURVE_WITH_KNOTS((1,2
    ,2,2,2,1),(-2.094395102393,0.,2.094395102393,4.188790204786,
6.28318530718,8.377580409573),.UNSPECIFIED.) CURVE() 
GEOMETRIC_REPRESENTATION_ITEM() RATIONAL_B_SPLINE_CURVE((1.,0.5,1.,0.5,
1.,0.5,1.)) REPRESENTATION_ITEM('') );
#4277 = CARTESIAN_POINT('',(6.63887010555,-3.94964996749));
#4278 = CARTESIAN_POINT('',(6.63887010555,-1.74128518784));
#4279 = CARTESIAN_POINT('',(8.55137010555,-2.845467577665));
#4280 = CARTESIAN_POINT('',(10.46387010555,-3.94964996749));
#4281 = CARTESIAN_POINT('',(8.55137010555,-5.053832357315));
#4282 = CARTESIAN_POINT('',(6.63887010555,-6.158014747141));
#4283 = CARTESIAN_POINT('',(6.63887010555,-3.94964996749));
#4284 = ( GEOMETRIC_REPRESENTATION_CONTEXT(2) 
PARAMETRIC_REPRESENTATION_CONTEXT() REPRESENTATION_CONTEXT('2D SPACE',''
  ) );
#4285 = ORIENTED_EDGE('',*,*,#4237,.F.);
#4286 = ORIENTED_EDGE('',*,*,#4097,.F.);
#4287 = ADVANCED_FACE('',(#4288),#188,.T.);
#4288 = FACE_BOUND('',#4289,.F.);
#4289 = EDGE_LOOP('',(#4290,#4312,#4313,#4314));
#4290 = ORIENTED_EDGE('',*,*,#4291,.T.);
#4291 = EDGE_CURVE('',#3967,#205,#4292,.T.);
#4292 = SURFACE_CURVE('',#4293,(#4298,#4305),.PCURVE_S1.);
#4293 = CIRCLE('',#4294,2.);
#4294 = AXIS2_PLACEMENT_3D('',#4295,#4296,#4297);
#4295 = CARTESIAN_POINT('',(7.000000000046,-32.6,-13.5));
#4296 = DIRECTION('',(1.,0.,-1.33226762955E-15));
#4297 = DIRECTION('',(-1.33226762955E-15,0.,-1.));
#4298 = PCURVE('',#188,#4299);
#4299 = DEFINITIONAL_REPRESENTATION('',(#4300),#4304);
#4300 = LINE('',#4301,#4302);
#4301 = CARTESIAN_POINT('',(3.14159265359,-3.55E-15));
#4302 = VECTOR('',#4303,1.);
#4303 = DIRECTION('',(-1.,0.));
#4304 = ( GEOMETRIC_REPRESENTATION_CONTEXT(2) 
PARAMETRIC_REPRESENTATION_CONTEXT() REPRESENTATION_CONTEXT('2D SPACE',''
  ) );
#4305 = PCURVE('',#244,#4306);
#4306 = DEFINITIONAL_REPRESENTATION('',(#4307),#4311);
#4307 = LINE('',#4308,#4309);
#4308 = CARTESIAN_POINT('',(1.570796326795,0.));
#4309 = VECTOR('',#4310,1.);
#4310 = DIRECTION('',(0.,1.));
#4311 = ( GEOMETRIC_REPRESENTATION_CONTEXT(2) 
PARAMETRIC_REPRESENTATION_CONTEXT() REPRESENTATION_CONTEXT('2D SPACE',''
  ) );
#4312 = ORIENTED_EDGE('',*,*,#204,.T.);
#4313 = ORIENTED_EDGE('',*,*,#169,.F.);
#4314 = ORIENTED_EDGE('',*,*,#3966,.F.);
#4315 = ADVANCED_FACE('',(#4316),#73,.F.);
#4316 = FACE_BOUND('',#4317,.F.);
#4317 = EDGE_LOOP('',(#4318,#4340,#4341,#4342));
#4318 = ORIENTED_EDGE('',*,*,#4319,.T.);
#4319 = EDGE_CURVE('',#3853,#3990,#4320,.T.);
#4320 = SURFACE_CURVE('',#4321,(#4326,#4333),.PCURVE_S1.);
#4321 = CIRCLE('',#4322,3.);
#4322 = AXIS2_PLACEMENT_3D('',#4323,#4324,#4325);
#4323 = CARTESIAN_POINT('',(7.000000000046,-15.,-8.5));
#4324 = DIRECTION('',(-1.,0.,2.22044604925E-15));
#4325 = DIRECTION('',(-2.22044604925E-15,0.,-1.));
#4326 = PCURVE('',#73,#4327);
#4327 = DEFINITIONAL_REPRESENTATION('',(#4328),#4332);
#4328 = LINE('',#4329,#4330);
#4329 = CARTESIAN_POINT('',(-4.712388980385,5.33E-15));
#4330 = VECTOR('',#4331,1.);
#4331 = DIRECTION('',(1.,0.));
#4332 = ( GEOMETRIC_REPRESENTATION_CONTEXT(2) 
PARAMETRIC_REPRESENTATION_CONTEXT() REPRESENTATION_CONTEXT('2D SPACE',''
  ) );
#4333 = PCURVE('',#3894,#4334);
#4334 = DEFINITIONAL_REPRESENTATION('',(#4335),#4339);
#4335 = LINE('',#4336,#4337);
#4336 = CARTESIAN_POINT('',(-1.570796326795,0.));
#4337 = VECTOR('',#4338,1.);
#4338 = DIRECTION('',(-0.,1.));
#4339 = ( GEOMETRIC_REPRESENTATION_CONTEXT(2) 
PARAMETRIC_REPRESENTATION_CONTEXT() REPRESENTATION_CONTEXT('2D SPACE',''
  ) );
#4340 = ORIENTED_EDGE('',*,*,#4012,.T.);
#4341 = ORIENTED_EDGE('',*,*,#56,.F.);
#4342 = ORIENTED_EDGE('',*,*,#3852,.F.);
#4343 = ADVANCED_FACE('',(#4344),#244,.T.);
#4344 = FACE_BOUND('',#4345,.T.);
#4345 = EDGE_LOOP('',(#4346,#4347,#4369,#4370));
#4346 = ORIENTED_EDGE('',*,*,#3399,.F.);
#4347 = ORIENTED_EDGE('',*,*,#4348,.T.);
#4348 = EDGE_CURVE('',#3291,#3967,#4349,.T.);
#4349 = SURFACE_CURVE('',#4350,(#4355,#4362),.PCURVE_S1.);
#4350 = CIRCLE('',#4351,11.);
#4351 = AXIS2_PLACEMENT_3D('',#4352,#4353,#4354);
#4352 = CARTESIAN_POINT('',(7.000000000046,-32.6,-0.5));
#4353 = DIRECTION('',(0.,1.,0.));
#4354 = DIRECTION('',(1.,0.,-1.292299600664E-13));
#4355 = PCURVE('',#244,#4356);
#4356 = DEFINITIONAL_REPRESENTATION('',(#4357),#4361);
#4357 = LINE('',#4358,#4359);
#4358 = CARTESIAN_POINT('',(0.,3.14159265359));
#4359 = VECTOR('',#4360,1.);
#4360 = DIRECTION('',(1.,0.));
#4361 = ( GEOMETRIC_REPRESENTATION_CONTEXT(2) 
PARAMETRIC_REPRESENTATION_CONTEXT() REPRESENTATION_CONTEXT('2D SPACE',''
  ) );
#4362 = PCURVE('',#3306,#4363);
#4363 = DEFINITIONAL_REPRESENTATION('',(#4364),#4368);
#4364 = LINE('',#4365,#4366);
#4365 = CARTESIAN_POINT('',(1.29E-15,0.400000000024));
#4366 = VECTOR('',#4367,1.);
#4367 = DIRECTION('',(1.,0.));
#4368 = ( GEOMETRIC_REPRESENTATION_CONTEXT(2) 
PARAMETRIC_REPRESENTATION_CONTEXT() REPRESENTATION_CONTEXT('2D SPACE',''
  ) );
#4369 = ORIENTED_EDGE('',*,*,#4291,.T.);
#4370 = ORIENTED_EDGE('',*,*,#227,.F.);
#4371 = ADVANCED_FACE('',(#4372),#3306,.F.);
#4372 = FACE_BOUND('',#4373,.F.);
#4373 = EDGE_LOOP('',(#4374,#4375,#4397,#4398));
#4374 = ORIENTED_EDGE('',*,*,#3989,.F.);
#4375 = ORIENTED_EDGE('',*,*,#4376,.F.);
#4376 = EDGE_CURVE('',#3263,#3990,#4377,.T.);
#4377 = SURFACE_CURVE('',#4378,(#4383,#4390),.PCURVE_S1.);
#4378 = CIRCLE('',#4379,11.);
#4379 = AXIS2_PLACEMENT_3D('',#4380,#4381,#4382);
#4380 = CARTESIAN_POINT('',(7.000000000046,-15.,-0.5));
#4381 = DIRECTION('',(0.,1.,0.));
#4382 = DIRECTION('',(1.,0.,-1.287858708565E-13));
#4383 = PCURVE('',#3306,#4384);
#4384 = DEFINITIONAL_REPRESENTATION('',(#4385),#4389);
#4385 = LINE('',#4386,#4387);
#4386 = CARTESIAN_POINT('',(0.,18.000000000024));
#4387 = VECTOR('',#4388,1.);
#4388 = DIRECTION('',(1.,0.));
#4389 = ( GEOMETRIC_REPRESENTATION_CONTEXT(2) 
PARAMETRIC_REPRESENTATION_CONTEXT() REPRESENTATION_CONTEXT('2D SPACE',''
  ) );
#4390 = PCURVE('',#3894,#4391);
#4391 = DEFINITIONAL_REPRESENTATION('',(#4392),#4396);
#4392 = LINE('',#4393,#4394);
#4393 = CARTESIAN_POINT('',(-0.,6.28318530718));
#4394 = VECTOR('',#4395,1.);
#4395 = DIRECTION('',(-1.,0.));
#4396 = ( GEOMETRIC_REPRESENTATION_CONTEXT(2) 
PARAMETRIC_REPRESENTATION_CONTEXT() REPRESENTATION_CONTEXT('2D SPACE',''
  ) );
#4397 = ORIENTED_EDGE('',*,*,#3290,.F.);
#4398 = ORIENTED_EDGE('',*,*,#4348,.T.);
#4399 = ADVANCED_FACE('',(#4400),#3278,.F.);
#4400 = FACE_BOUND('',#4401,.F.);
#4401 = EDGE_LOOP('',(#4402,#4435,#4436,#4458));
#4402 = ORIENTED_EDGE('',*,*,#4403,.T.);
#4403 = EDGE_CURVE('',#2224,#3235,#4404,.T.);
#4404 = SURFACE_CURVE('',#4405,(#4410,#4423),.PCURVE_S1.);
#4405 = ELLIPSE('',#4406,4.242640687119,3.);
#4406 = AXIS2_PLACEMENT_3D('',#4407,#4408,#4409);
#4407 = CARTESIAN_POINT('',(15.000000000015,-15.,13.));
#4408 = DIRECTION('',(1.824467063146E-12,-0.707106781187,-0.707106781187
    ));
#4409 = DIRECTION('',(-1.825677680221E-12,0.707106781187,-0.707106781187
    ));
#4410 = PCURVE('',#3278,#4411);
#4411 = DEFINITIONAL_REPRESENTATION('',(#4412),#4422);
#4412 = B_SPLINE_CURVE_WITH_KNOTS('',8,(#4413,#4414,#4415,#4416,#4417,
    #4418,#4419,#4420,#4421),.UNSPECIFIED.,.F.,.F.,(9,9),(0.,
    1.570796707933),.PIECEWISE_BEZIER_KNOTS.);
#4413 = CARTESIAN_POINT('',(-2.86349E-12,-8.4555E-13));
#4414 = CARTESIAN_POINT('',(0.196349588489,-8.4563E-13));
#4415 = CARTESIAN_POINT('',(0.39269917698,-0.132182392105));
#4416 = CARTESIAN_POINT('',(0.589048765471,-0.396546053419));
#4417 = CARTESIAN_POINT('',(0.785398353959,-0.782224122589));
#4418 = CARTESIAN_POINT('',(0.981747942459,-1.267460805057));
#4419 = CARTESIAN_POINT('',(1.178097530946,-1.821903422228));
#4420 = CARTESIAN_POINT('',(1.374447119439,-2.410952377942));
#4421 = CARTESIAN_POINT('',(1.570796707931,-3.000001143417));
#4422 = ( GEOMETRIC_REPRESENTATION_CONTEXT(2) 
PARAMETRIC_REPRESENTATION_CONTEXT() REPRESENTATION_CONTEXT('2D SPACE',''
  ) );
#4423 = PCURVE('',#3250,#4424);
#4424 = DEFINITIONAL_REPRESENTATION('',(#4425),#4434);
#4425 = B_SPLINE_CURVE_WITH_KNOTS('',7,(#4426,#4427,#4428,#4429,#4430,
    #4431,#4432,#4433),.UNSPECIFIED.,.F.,.F.,(8,8),(0.,1.570796707933),
  .PIECEWISE_BEZIER_KNOTS.);
#4426 = CARTESIAN_POINT('',(1.1E-16,3.));
#4427 = CARTESIAN_POINT('',(-0.224399529705,3.));
#4428 = CARTESIAN_POINT('',(-0.448799167033,2.82375365661));
#4429 = CARTESIAN_POINT('',(-0.673198447257,2.471287659179));
#4430 = CARTESIAN_POINT('',(-0.897598108329,1.964239898293));
#4431 = CARTESIAN_POINT('',(-1.121997714498,1.346393250497));
#4432 = CARTESIAN_POINT('',(-1.346397178229,0.673197445699));
#4433 = CARTESIAN_POINT('',(-1.570796707933,-1.14341576118E-06));
#4434 = ( GEOMETRIC_REPRESENTATION_CONTEXT(2) 
PARAMETRIC_REPRESENTATION_CONTEXT() REPRESENTATION_CONTEXT('2D SPACE',''
  ) );
#4435 = ORIENTED_EDGE('',*,*,#3262,.F.);
#4436 = ORIENTED_EDGE('',*,*,#4437,.F.);
#4437 = EDGE_CURVE('',#3826,#3263,#4438,.T.);
#4438 = SURFACE_CURVE('',#4439,(#4444,#4451),.PCURVE_S1.);
#4439 = CIRCLE('',#4440,3.);
#4440 = AXIS2_PLACEMENT_3D('',#4441,#4442,#4443);
#4441 = CARTESIAN_POINT('',(15.000000000015,-15.,-0.500000000001));
#4442 = DIRECTION('',(-8.881784197001E-16,0.,-1.));
#4443 = DIRECTION('',(0.,1.,0.));
#4444 = PCURVE('',#3278,#4445);
#4445 = DEFINITIONAL_REPRESENTATION('',(#4446),#4450);
#4446 = LINE('',#4447,#4448);
#4447 = CARTESIAN_POINT('',(0.,10.500000000001));
#4448 = VECTOR('',#4449,1.);
#4449 = DIRECTION('',(1.,0.));
#4450 = ( GEOMETRIC_REPRESENTATION_CONTEXT(2) 
PARAMETRIC_REPRESENTATION_CONTEXT() REPRESENTATION_CONTEXT('2D SPACE',''
  ) );
#4451 = PCURVE('',#3894,#4452);
#4452 = DEFINITIONAL_REPRESENTATION('',(#4453),#4457);
#4453 = LINE('',#4454,#4455);
#4454 = CARTESIAN_POINT('',(-0.,4.712388980385));
#4455 = VECTOR('',#4456,1.);
#4456 = DIRECTION('',(-0.,1.));
#4457 = ( GEOMETRIC_REPRESENTATION_CONTEXT(2) 
PARAMETRIC_REPRESENTATION_CONTEXT() REPRESENTATION_CONTEXT('2D SPACE',''
  ) );
#4458 = ORIENTED_EDGE('',*,*,#3825,.F.);
#4459 = ADVANCED_FACE('',(#4460),#3250,.F.);
#4460 = FACE_BOUND('',#4461,.T.);
#4461 = EDGE_LOOP('',(#4462,#4463,#4464));
#4462 = ORIENTED_EDGE('',*,*,#4403,.T.);
#4463 = ORIENTED_EDGE('',*,*,#3234,.T.);
#4464 = ORIENTED_EDGE('',*,*,#3937,.F.);
#4465 = ADVANCED_FACE('',(#4466),#3894,.F.);
#4466 = FACE_BOUND('',#4467,.T.);
#4467 = EDGE_LOOP('',(#4468,#4469,#4470,#4471));
#4468 = ORIENTED_EDGE('',*,*,#4437,.F.);
#4469 = ORIENTED_EDGE('',*,*,#3875,.T.);
#4470 = ORIENTED_EDGE('',*,*,#4319,.T.);
#4471 = ORIENTED_EDGE('',*,*,#4376,.F.);
#4472 = ADVANCED_FACE('',(#4473,#4484,#4487,#4490,#4493,#4496,#4499),
  #129,.T.);
#4473 = FACE_BOUND('',#4474,.T.);
#4474 = EDGE_LOOP('',(#4475,#4476,#4477,#4478,#4479,#4480,#4481,#4482,
    #4483));
#4475 = ORIENTED_EDGE('',*,*,#544,.T.);
#4476 = ORIENTED_EDGE('',*,*,#966,.T.);
#4477 = ORIENTED_EDGE('',*,*,#2617,.T.);
#4478 = ORIENTED_EDGE('',*,*,#2717,.F.);
#4479 = ORIENTED_EDGE('',*,*,#2643,.T.);
#4480 = ORIENTED_EDGE('',*,*,#340,.F.);
#4481 = ORIENTED_EDGE('',*,*,#113,.F.);
#4482 = ORIENTED_EDGE('',*,*,#2484,.F.);
#4483 = ORIENTED_EDGE('',*,*,#891,.F.);
#4484 = FACE_BOUND('',#4485,.T.);
#4485 = EDGE_LOOP('',(#4486));
#4486 = ORIENTED_EDGE('',*,*,#4152,.T.);
#4487 = FACE_BOUND('',#4488,.T.);
#4488 = EDGE_LOOP('',(#4489));
#4489 = ORIENTED_EDGE('',*,*,#4206,.T.);
#4490 = FACE_BOUND('',#4491,.T.);
#4491 = EDGE_LOOP('',(#4492));
#4492 = ORIENTED_EDGE('',*,*,#4260,.T.);
#4493 = FACE_BOUND('',#4494,.T.);
#4494 = EDGE_LOOP('',(#4495));
#4495 = ORIENTED_EDGE('',*,*,#3103,.T.);
#4496 = FACE_BOUND('',#4497,.T.);
#4497 = EDGE_LOOP('',(#4498));
#4498 = ORIENTED_EDGE('',*,*,#2588,.T.);
#4499 = FACE_BOUND('',#4500,.T.);
#4500 = EDGE_LOOP('',(#4501));
#4501 = ORIENTED_EDGE('',*,*,#2534,.T.);
#4502 = ( GEOMETRIC_REPRESENTATION_CONTEXT(3) 
GLOBAL_UNCERTAINTY_ASSIGNED_CONTEXT((#4506)) 
GLOBAL_UNIT_ASSIGNED_CONTEXT((#4503,#4504,#4505)) REPRESENTATION_CONTEXT
('Context #1','3D Context with UNIT and UNCERTAINTY') );
#4503 = ( LENGTH_UNIT() NAMED_UNIT(*) SI_UNIT(.MILLI.,.METRE.) );
#4504 = ( NAMED_UNIT(*) PLANE_ANGLE_UNIT() SI_UNIT($,.RADIAN.) );
#4505 = ( NAMED_UNIT(*) SI_UNIT($,.STERADIAN.) SOLID_ANGLE_UNIT() );
#4506 = UNCERTAINTY_MEASURE_WITH_UNIT(LENGTH_MEASURE(2.E-04),#4503,
  'distance_accuracy_value','confusion accuracy');
#4507 = PRODUCT_RELATED_PRODUCT_CATEGORY('part',$,(#7));
#4508 = MECHANICAL_DESIGN_GEOMETRIC_PRESENTATION_REPRESENTATION('',(
    #4509),#4502);
#4509 = STYLED_ITEM('color',(#4510),#15);
#4510 = PRESENTATION_STYLE_ASSIGNMENT((#4511,#4517));
#4511 = SURFACE_STYLE_USAGE(.BOTH.,#4512);
#4512 = SURFACE_SIDE_STYLE('',(#4513));
#4513 = SURFACE_STYLE_FILL_AREA(#4514);
#4514 = FILL_AREA_STYLE('',(#4515));
#4515 = FILL_AREA_STYLE_COLOUR('',#4516);
#4516 = COLOUR_RGB('',0.447058818107,0.474509808674,0.501960817233);
#4517 = CURVE_STYLE('',#4518,POSITIVE_LENGTH_MEASURE(0.1),#4516);
#4518 = DRAUGHTING_PRE_DEFINED_CURVE_FONT('continuous');
ENDSEC;
END-ISO-10303-21;
